date,ip,id,ville,departement,region,latitude,longitude
2025-04-14 12:03:00,2a01:cb00:142b:6900:e9dd:b548:2658:2bf9,35459,Cergy,95,11,49.0331671,2.0547222
2025-04-14 12:03:10,2a01:cb00:142b:6900:e9dd:b548:2658:2bf9,29922,Alvimare,76,28,49.6071704,0.63056453333333
2025-04-14 16:07:53,2a01:cb00:142b:6900:e9dd:b548:2658:2bf9,23662,Argentan,61,28,48.726279401198,-0.00818089820359
2025-04-14 16:12:17,2a01:cb00:142b:6900:e9dd:b548:2658:2bf9,23662,Argentan,61,28,48.726279401198,-0.00818089820359
2025-04-14 16:48:56,2a01:cb00:142b:6900:e9dd:b548:2658:2bf9,6746,Arcey,21,27,47.276903896104,4.8241446753247
2025-04-14 17:28:02,2a01:cb00:142b:6900:e9dd:b548:2658:2bf9,6851,Censerey,21,27,47.195259933775,4.3360446357616
2025-04-14 17:29:09,2a02:842a:1e6:4f01:c882:a203:47ba:e97a,33583,Antran,86,75,46.877149253731,0.52326992537313
2025-04-14 17:41:15,2a01:cb00:142b:6900:e9dd:b548:2658:2bf9,6851,Censerey,21,27,47.195259933775,4.3360446357616
2025-04-14 17:54:51,2a01:cb00:142b:6900:e9dd:b548:2658:2bf9,6851,Censerey,21,27,47.195259933775,4.3360446357616
2025-04-14 17:57:04,2a01:cb00:142b:6900:e9dd:b548:2658:2bf9,6851,Censerey,21,27,47.195259933775,4.3360446357616
2025-04-14 18:30:06,81.65.90.50,22017,Asnois,58,27,47.400455789474,3.595705368421
2025-04-14 18:33:58,81.65.90.50,35148,Chilly-Mazarin,91,11,48.704193809524,2.3091949206349
2025-04-14 18:40:03,81.65.90.50,24177,Bernieulles,62,32,50.555752361111,1.7763597222222
2025-04-14 18:41:01,81.65.90.50,24177,Bernieulles,62,32,50.555752361111,1.7763597222222
2025-04-14 18:42:15,81.65.90.50,35625,Lamentin,971,01,16.240808022989,-61.669469356322
2025-04-15 14:55:50,2a01:cb00:142b:6900:98e6:e8c3:768b:f2ad,35459,Cergy,95,11,49.0331671,2.0547222
2025-04-15 14:57:08,81.65.90.50,22453,Chemy,59,32,50.5318545,2.996854
2025-04-15 14:57:57,81.65.90.50,22453,Chemy,59,32,50.5318545,2.996854
2025-04-15 14:57:59,81.65.90.50,22453,Chemy,59,32,50.5318545,2.996854
2025-04-15 14:58:18,81.65.90.50,35089,Thiancourt,90,27,47.523987583333,6.9848285
2025-04-15 14:58:20,81.65.90.50,35089,Thiancourt,90,27,47.523987583333,6.9848285
2025-04-15 14:58:22,81.65.90.50,35089,Thiancourt,90,27,47.523987583333,6.9848285
2025-04-15 14:58:39,81.65.90.50,35089,Thiancourt,90,27,47.523987583333,6.9848285
2025-04-15 14:59:44,81.65.90.50,35089,Thiancourt,90,27,47.523987583333,6.9848285
2025-04-15 15:01:10,81.65.90.50,35089,Thiancourt,90,27,47.523987583333,6.9848285
2025-04-15 15:02:47,81.65.90.50,35089,Thiancourt,90,27,47.523987583333,6.9848285
2025-04-15 15:04:47,2a01:cb00:142b:6900:98e6:e8c3:768b:f2ad,35459,Cergy,95,11,49.0331671,2.0547222
2025-04-15 15:05:06,2a01:cb00:142b:6900:98e6:e8c3:768b:f2ad,35459,Cergy,95,11,49.0331671,2.0547222
2025-04-15 15:05:14,2a01:cb00:142b:6900:98e6:e8c3:768b:f2ad,35459,Cergy,95,11,49.0331671,2.0547222
2025-04-15 15:07:49,2a01:cb00:142b:6900:98e6:e8c3:768b:f2ad,35459,Cergy,95,11,49.0331671,2.0547222
2025-04-15 15:11:00,2a01:cb00:142b:6900:98e6:e8c3:768b:f2ad,35459,Cergy,95,11,49.0331671,2.0547222
2025-04-15 16:03:06,81.65.90.50,35089,Thiancourt,90,27,47.523987583333,6.9848285
2025-04-15 16:03:22,81.65.90.50,35089,Thiancourt,90,27,47.523987583333,6.9848285
2025-04-15 16:03:24,81.65.90.50,35089,Thiancourt,90,27,47.523987583333,6.9848285
2025-04-15 16:04:29,2a01:cb00:142b:6900:98e6:e8c3:768b:f2ad,35459,Cergy,95,11,49.0331671,2.0547222
2025-04-15 16:04:35,2a01:cb00:142b:6900:98e6:e8c3:768b:f2ad,35459,Cergy,95,11,49.0331671,2.0547222
2025-04-15 16:04:40,2a01:cb00:142b:6900:98e6:e8c3:768b:f2ad,35459,Cergy,95,11,49.0331671,2.0547222
2025-04-15 16:04:42,2a01:cb00:142b:6900:98e6:e8c3:768b:f2ad,35459,Cergy,95,11,49.0331671,2.0547222
2025-04-15 16:04:45,2a01:cb00:142b:6900:98e6:e8c3:768b:f2ad,35459,Cergy,95,11,49.0331671,2.0547222
2025-04-15 16:04:47,2a01:cb00:142b:6900:98e6:e8c3:768b:f2ad,35459,Cergy,95,11,49.0331671,2.0547222
2025-04-15 16:05:46,2a01:cb00:142b:6900:98e6:e8c3:768b:f2ad,35459,Cergy,95,11,49.0331671,2.0547222
2025-04-15 16:05:49,2a01:cb00:142b:6900:98e6:e8c3:768b:f2ad,35459,Cergy,95,11,49.0331671,2.0547222
2025-04-15 16:05:50,2a01:cb00:142b:6900:98e6:e8c3:768b:f2ad,35459,Cergy,95,11,49.0331671,2.0547222
2025-04-15 16:05:52,2a01:cb00:142b:6900:98e6:e8c3:768b:f2ad,35459,Cergy,95,11,49.0331671,2.0547222
2025-04-15 16:05:53,2a01:cb00:142b:6900:98e6:e8c3:768b:f2ad,35459,Cergy,95,11,49.0331671,2.0547222
2025-04-15 16:06:41,2a01:cb00:142b:6900:98e6:e8c3:768b:f2ad,35459,Cergy,95,11,49.0331671,2.0547222
2025-04-15 16:07:38,2a01:cb00:142b:6900:98e6:e8c3:768b:f2ad,35459,Cergy,95,11,49.0331671,2.0547222
2025-04-15 16:07:54,2a01:cb00:142b:6900:98e6:e8c3:768b:f2ad,35459,Cergy,95,11,49.0331671,2.0547222
2025-04-15 16:16:18,2a01:cb00:142b:6900:98e6:e8c3:768b:f2ad,35459,Cergy,95,11,49.0331671,2.0547222
2025-04-15 16:16:24,2a01:cb00:142b:6900:98e6:e8c3:768b:f2ad,35459,Cergy,95,11,49.0331671,2.0547222
2025-04-15 16:18:59,2a01:cb00:142b:6900:98e6:e8c3:768b:f2ad,6729,Agencourt,21,27,47.1235826,4.9903982
2025-04-15 16:19:18,2a01:cb00:142b:6900:98e6:e8c3:768b:f2ad,6729,Agencourt,21,27,47.1235826,4.9903982
2025-04-15 16:20:49,2a01:cb00:142b:6900:98e6:e8c3:768b:f2ad,22329,Armentières,59,32,50.690966585366,2.8835582926829
2025-04-15 16:21:36,2a01:cb00:142b:6900:98e6:e8c3:768b:f2ad,1740,Aiguilles,05,93,44.780105887097,6.8702014516129
2025-04-15 16:24:18,2a01:cb00:142b:6900:98e6:e8c3:768b:f2ad,1740,Aiguilles,05,93,44.780105887097,6.8702014516129
2025-04-15 16:24:22,2a01:cb00:142b:6900:98e6:e8c3:768b:f2ad,1740,Aiguilles,05,93,44.780105887097,6.8702014516129
2025-04-15 16:28:45,2a01:cb00:142b:6900:98e6:e8c3:768b:f2ad,1740,Aiguilles,05,93,44.780105887097,6.8702014516129
2025-04-15 16:29:09,2a01:cb00:142b:6900:98e6:e8c3:768b:f2ad,1740,Aiguilles,05,93,44.780105887097,6.8702014516129
2025-04-15 16:29:13,2a01:cb00:142b:6900:98e6:e8c3:768b:f2ad,1740,Aiguilles,05,93,44.780105887097,6.8702014516129
2025-04-15 16:29:14,2a01:cb00:142b:6900:98e6:e8c3:768b:f2ad,1740,Aiguilles,05,93,44.780105887097,6.8702014516129
2025-04-15 16:29:15,2a01:cb00:142b:6900:98e6:e8c3:768b:f2ad,1740,Aiguilles,05,93,44.780105887097,6.8702014516129
2025-04-15 16:29:16,2a01:cb00:142b:6900:98e6:e8c3:768b:f2ad,1740,Aiguilles,05,93,44.780105887097,6.8702014516129
2025-04-15 16:29:17,2a01:cb00:142b:6900:98e6:e8c3:768b:f2ad,1740,Aiguilles,05,93,44.780105887097,6.8702014516129
2025-04-15 16:29:18,2a01:cb00:142b:6900:98e6:e8c3:768b:f2ad,1740,Aiguilles,05,93,44.780105887097,6.8702014516129
2025-04-15 16:29:19,2a01:cb00:142b:6900:98e6:e8c3:768b:f2ad,1740,Aiguilles,05,93,44.780105887097,6.8702014516129
2025-04-15 16:29:59,2a01:cb00:142b:6900:98e6:e8c3:768b:f2ad,1740,Aiguilles,05,93,44.780105887097,6.8702014516129
2025-04-15 16:30:03,2a01:cb00:142b:6900:98e6:e8c3:768b:f2ad,1740,Aiguilles,05,93,44.780105887097,6.8702014516129
2025-04-15 16:30:12,2a01:cb00:142b:6900:98e6:e8c3:768b:f2ad,1740,Aiguilles,05,93,44.780105887097,6.8702014516129
2025-04-15 16:30:13,2a01:cb00:142b:6900:98e6:e8c3:768b:f2ad,1740,Aiguilles,05,93,44.780105887097,6.8702014516129
2025-04-15 16:30:14,2a01:cb00:142b:6900:98e6:e8c3:768b:f2ad,1740,Aiguilles,05,93,44.780105887097,6.8702014516129
2025-04-15 16:30:38,2a01:cb00:142b:6900:98e6:e8c3:768b:f2ad,1740,Aiguilles,05,93,44.780105887097,6.8702014516129
2025-04-15 16:31:10,2a01:cb00:142b:6900:98e6:e8c3:768b:f2ad,1740,Aiguilles,05,93,44.780105887097,6.8702014516129
2025-04-15 16:31:19,2a01:cb00:142b:6900:98e6:e8c3:768b:f2ad,1740,Aiguilles,05,93,44.780105887097,6.8702014516129
2025-04-15 16:31:22,2a01:cb00:142b:6900:98e6:e8c3:768b:f2ad,1740,Aiguilles,05,93,44.780105887097,6.8702014516129
2025-04-15 16:31:23,2a01:cb00:142b:6900:98e6:e8c3:768b:f2ad,1740,Aiguilles,05,93,44.780105887097,6.8702014516129
2025-04-15 16:31:25,2a01:cb00:142b:6900:98e6:e8c3:768b:f2ad,1740,Aiguilles,05,93,44.780105887097,6.8702014516129
2025-04-15 16:31:26,2a01:cb00:142b:6900:98e6:e8c3:768b:f2ad,1740,Aiguilles,05,93,44.780105887097,6.8702014516129
2025-04-15 16:31:29,2a01:cb00:142b:6900:98e6:e8c3:768b:f2ad,1740,Aiguilles,05,93,44.780105887097,6.8702014516129
2025-04-15 16:31:30,2a01:cb00:142b:6900:98e6:e8c3:768b:f2ad,1740,Aiguilles,05,93,44.780105887097,6.8702014516129
2025-04-15 16:31:31,2a01:cb00:142b:6900:98e6:e8c3:768b:f2ad,1740,Aiguilles,05,93,44.780105887097,6.8702014516129
2025-04-15 16:32:05,2a01:cb00:142b:6900:98e6:e8c3:768b:f2ad,1740,Aiguilles,05,93,44.780105887097,6.8702014516129
2025-04-15 16:32:09,2a01:cb00:142b:6900:98e6:e8c3:768b:f2ad,1740,Aiguilles,05,93,44.780105887097,6.8702014516129
2025-04-15 16:32:19,2a01:cb00:142b:6900:98e6:e8c3:768b:f2ad,1740,Aiguilles,05,93,44.780105887097,6.8702014516129
2025-04-15 16:32:30,2a01:cb00:142b:6900:98e6:e8c3:768b:f2ad,1740,Aiguilles,05,93,44.780105887097,6.8702014516129
2025-04-15 16:32:44,2a01:cb00:142b:6900:98e6:e8c3:768b:f2ad,1740,Aiguilles,05,93,44.780105887097,6.8702014516129
2025-04-15 16:32:47,2a01:cb00:142b:6900:98e6:e8c3:768b:f2ad,1740,Aiguilles,05,93,44.780105887097,6.8702014516129
2025-04-15 16:32:55,2a01:cb00:142b:6900:98e6:e8c3:768b:f2ad,1740,Aiguilles,05,93,44.780105887097,6.8702014516129
2025-04-15 16:33:08,2a01:cb00:142b:6900:98e6:e8c3:768b:f2ad,1740,Aiguilles,05,93,44.780105887097,6.8702014516129
2025-04-15 16:33:09,2a01:cb00:142b:6900:98e6:e8c3:768b:f2ad,1740,Aiguilles,05,93,44.780105887097,6.8702014516129
2025-04-15 16:33:10,2a01:cb00:142b:6900:98e6:e8c3:768b:f2ad,1740,Aiguilles,05,93,44.780105887097,6.8702014516129
2025-04-15 16:33:10,2a01:cb00:142b:6900:98e6:e8c3:768b:f2ad,1740,Aiguilles,05,93,44.780105887097,6.8702014516129
2025-04-15 16:33:11,2a01:cb00:142b:6900:98e6:e8c3:768b:f2ad,1740,Aiguilles,05,93,44.780105887097,6.8702014516129
2025-04-15 16:33:12,2a01:cb00:142b:6900:98e6:e8c3:768b:f2ad,1740,Aiguilles,05,93,44.780105887097,6.8702014516129
2025-04-15 16:33:14,2a01:cb00:142b:6900:98e6:e8c3:768b:f2ad,1740,Aiguilles,05,93,44.780105887097,6.8702014516129
2025-04-15 16:33:15,2a01:cb00:142b:6900:98e6:e8c3:768b:f2ad,1740,Aiguilles,05,93,44.780105887097,6.8702014516129
2025-04-15 16:33:16,2a01:cb00:142b:6900:98e6:e8c3:768b:f2ad,1740,Aiguilles,05,93,44.780105887097,6.8702014516129
2025-04-15 16:33:27,2a01:cb00:142b:6900:98e6:e8c3:768b:f2ad,1740,Aiguilles,05,93,44.780105887097,6.8702014516129
2025-04-15 16:33:28,2a01:cb00:142b:6900:98e6:e8c3:768b:f2ad,1740,Aiguilles,05,93,44.780105887097,6.8702014516129
2025-04-15 16:33:28,2a01:cb00:142b:6900:98e6:e8c3:768b:f2ad,1740,Aiguilles,05,93,44.780105887097,6.8702014516129
2025-04-15 16:33:29,2a01:cb00:142b:6900:98e6:e8c3:768b:f2ad,1740,Aiguilles,05,93,44.780105887097,6.8702014516129
2025-04-15 16:33:35,2a01:cb00:142b:6900:98e6:e8c3:768b:f2ad,1740,Aiguilles,05,93,44.780105887097,6.8702014516129
2025-04-15 16:33:39,2a01:cb00:142b:6900:98e6:e8c3:768b:f2ad,1740,Aiguilles,05,93,44.780105887097,6.8702014516129
2025-04-15 16:33:41,2a01:cb00:142b:6900:98e6:e8c3:768b:f2ad,1740,Aiguilles,05,93,44.780105887097,6.8702014516129
2025-04-15 16:33:51,2a01:cb00:142b:6900:98e6:e8c3:768b:f2ad,1740,Aiguilles,05,93,44.780105887097,6.8702014516129
2025-04-15 16:33:53,2a01:cb00:142b:6900:98e6:e8c3:768b:f2ad,1740,Aiguilles,05,93,44.780105887097,6.8702014516129
2025-04-15 16:33:54,2a01:cb00:142b:6900:98e6:e8c3:768b:f2ad,1740,Aiguilles,05,93,44.780105887097,6.8702014516129
2025-04-15 16:33:55,2a01:cb00:142b:6900:98e6:e8c3:768b:f2ad,1740,Aiguilles,05,93,44.780105887097,6.8702014516129
2025-04-15 16:33:56,2a01:cb00:142b:6900:98e6:e8c3:768b:f2ad,1740,Aiguilles,05,93,44.780105887097,6.8702014516129
2025-04-15 16:34:01,2a01:cb00:142b:6900:98e6:e8c3:768b:f2ad,1740,Aiguilles,05,93,44.780105887097,6.8702014516129
2025-04-15 16:34:06,2a01:cb00:142b:6900:98e6:e8c3:768b:f2ad,1740,Aiguilles,05,93,44.780105887097,6.8702014516129
2025-04-15 16:34:08,2a01:cb00:142b:6900:98e6:e8c3:768b:f2ad,1740,Aiguilles,05,93,44.780105887097,6.8702014516129
2025-04-15 16:34:13,2a01:cb00:142b:6900:98e6:e8c3:768b:f2ad,1740,Aiguilles,05,93,44.780105887097,6.8702014516129
2025-04-15 16:34:17,2a01:cb00:142b:6900:98e6:e8c3:768b:f2ad,1740,Aiguilles,05,93,44.780105887097,6.8702014516129
2025-04-15 16:34:23,2a01:cb00:142b:6900:98e6:e8c3:768b:f2ad,1740,Aiguilles,05,93,44.780105887097,6.8702014516129
2025-04-15 16:34:25,2a01:cb00:142b:6900:98e6:e8c3:768b:f2ad,1740,Aiguilles,05,93,44.780105887097,6.8702014516129
2025-04-15 16:34:27,2a01:cb00:142b:6900:98e6:e8c3:768b:f2ad,1740,Aiguilles,05,93,44.780105887097,6.8702014516129
2025-04-15 16:36:41,2a01:cb00:142b:6900:98e6:e8c3:768b:f2ad,1740,Aiguilles,05,93,44.780105887097,6.8702014516129
2025-04-15 16:36:41,2a01:cb00:142b:6900:98e6:e8c3:768b:f2ad,1740,Aiguilles,05,93,44.780105887097,6.8702014516129
2025-04-15 16:36:44,2a01:cb00:142b:6900:98e6:e8c3:768b:f2ad,1740,Aiguilles,05,93,44.780105887097,6.8702014516129
2025-04-15 16:36:45,2a01:cb00:142b:6900:98e6:e8c3:768b:f2ad,1740,Aiguilles,05,93,44.780105887097,6.8702014516129
2025-04-15 16:36:46,2a01:cb00:142b:6900:98e6:e8c3:768b:f2ad,1740,Aiguilles,05,93,44.780105887097,6.8702014516129
2025-04-15 16:36:47,2a01:cb00:142b:6900:98e6:e8c3:768b:f2ad,1740,Aiguilles,05,93,44.780105887097,6.8702014516129
2025-04-15 16:36:48,2a01:cb00:142b:6900:98e6:e8c3:768b:f2ad,1740,Aiguilles,05,93,44.780105887097,6.8702014516129
2025-04-15 16:36:49,2a01:cb00:142b:6900:98e6:e8c3:768b:f2ad,1740,Aiguilles,05,93,44.780105887097,6.8702014516129
2025-04-15 16:36:50,2a01:cb00:142b:6900:98e6:e8c3:768b:f2ad,1740,Aiguilles,05,93,44.780105887097,6.8702014516129
2025-04-15 16:36:50,2a01:cb00:142b:6900:98e6:e8c3:768b:f2ad,1740,Aiguilles,05,93,44.780105887097,6.8702014516129
2025-04-15 16:37:15,81.65.90.50,35089,Thiancourt,90,27,47.523987583333,6.9848285
2025-04-15 16:37:16,81.65.90.50,35089,Thiancourt,90,27,47.523987583333,6.9848285
2025-04-15 16:37:19,81.65.90.50,35089,Thiancourt,90,27,47.523987583333,6.9848285
2025-04-15 16:37:20,81.65.90.50,35089,Thiancourt,90,27,47.523987583333,6.9848285
2025-04-15 16:37:24,81.65.90.50,35089,Thiancourt,90,27,47.523987583333,6.9848285
2025-04-15 16:37:26,2a01:cb00:142b:6900:98e6:e8c3:768b:f2ad,1740,Aiguilles,05,93,44.780105887097,6.8702014516129
2025-04-15 16:37:29,2a01:cb00:142b:6900:98e6:e8c3:768b:f2ad,1740,Aiguilles,05,93,44.780105887097,6.8702014516129
2025-04-15 16:37:31,2a01:cb00:142b:6900:98e6:e8c3:768b:f2ad,1740,Aiguilles,05,93,44.780105887097,6.8702014516129
2025-04-15 16:37:32,2a01:cb00:142b:6900:98e6:e8c3:768b:f2ad,1740,Aiguilles,05,93,44.780105887097,6.8702014516129
2025-04-15 16:37:33,2a01:cb00:142b:6900:98e6:e8c3:768b:f2ad,1740,Aiguilles,05,93,44.780105887097,6.8702014516129
2025-04-15 16:37:34,2a01:cb00:142b:6900:98e6:e8c3:768b:f2ad,1740,Aiguilles,05,93,44.780105887097,6.8702014516129
2025-04-15 16:37:35,2a01:cb00:142b:6900:98e6:e8c3:768b:f2ad,1740,Aiguilles,05,93,44.780105887097,6.8702014516129
2025-04-15 16:37:36,2a01:cb00:142b:6900:98e6:e8c3:768b:f2ad,1740,Aiguilles,05,93,44.780105887097,6.8702014516129
2025-04-15 16:37:37,2a01:cb00:142b:6900:98e6:e8c3:768b:f2ad,1740,Aiguilles,05,93,44.780105887097,6.8702014516129
2025-04-15 16:37:46,81.65.90.50,29081,La Ferté-Bernard,72,52,48.18354331058,0.63454563139932
2025-04-15 16:37:49,81.65.90.50,29081,La Ferté-Bernard,72,52,48.18354331058,0.63454563139932
2025-04-15 16:37:51,81.65.90.50,29081,La Ferté-Bernard,72,52,48.18354331058,0.63454563139932
2025-04-15 16:37:53,81.65.90.50,29081,La Ferté-Bernard,72,52,48.18354331058,0.63454563139932
2025-04-15 16:37:55,81.65.90.50,29081,La Ferté-Bernard,72,52,48.18354331058,0.63454563139932
2025-04-15 16:37:56,81.65.90.50,29081,La Ferté-Bernard,72,52,48.18354331058,0.63454563139932
2025-04-15 16:37:58,81.65.90.50,29081,La Ferté-Bernard,72,52,48.18354331058,0.63454563139932
2025-04-15 16:38:00,81.65.90.50,29081,La Ferté-Bernard,72,52,48.18354331058,0.63454563139932
2025-04-15 16:38:39,2a01:cb00:142b:6900:98e6:e8c3:768b:f2ad,1740,Aiguilles,05,93,44.780105887097,6.8702014516129
2025-04-15 16:38:52,2a01:cb00:142b:6900:98e6:e8c3:768b:f2ad,1740,Aiguilles,05,93,44.780105887097,6.8702014516129
2025-04-15 16:38:55,2a01:cb00:142b:6900:98e6:e8c3:768b:f2ad,1740,Aiguilles,05,93,44.780105887097,6.8702014516129
2025-04-15 16:38:58,2a01:cb00:142b:6900:98e6:e8c3:768b:f2ad,1740,Aiguilles,05,93,44.780105887097,6.8702014516129
2025-04-15 16:38:58,2a01:cb00:142b:6900:98e6:e8c3:768b:f2ad,1740,Aiguilles,05,93,44.780105887097,6.8702014516129
2025-04-15 16:39:06,2a01:cb00:142b:6900:98e6:e8c3:768b:f2ad,1740,Aiguilles,05,93,44.780105887097,6.8702014516129
2025-04-15 16:39:09,2a01:cb00:142b:6900:98e6:e8c3:768b:f2ad,1740,Aiguilles,05,93,44.780105887097,6.8702014516129
2025-04-15 16:39:09,2a01:cb00:142b:6900:98e6:e8c3:768b:f2ad,1740,Aiguilles,05,93,44.780105887097,6.8702014516129
2025-04-15 16:39:11,2a01:cb00:142b:6900:98e6:e8c3:768b:f2ad,1740,Aiguilles,05,93,44.780105887097,6.8702014516129
2025-04-15 16:40:31,2a01:cb00:142b:6900:98e6:e8c3:768b:f2ad,1741,Ancelle,05,93,44.624042051282,6.2172873333333
2025-04-15 16:41:16,2a01:cb00:142b:6900:98e6:e8c3:768b:f2ad,1741,Ancelle,05,93,44.624042051282,6.2172873333333
2025-04-15 16:41:18,2a01:cb00:142b:6900:98e6:e8c3:768b:f2ad,1741,Ancelle,05,93,44.624042051282,6.2172873333333
2025-04-15 16:41:19,2a01:cb00:142b:6900:98e6:e8c3:768b:f2ad,1741,Ancelle,05,93,44.624042051282,6.2172873333333
2025-04-15 16:41:20,2a01:cb00:142b:6900:98e6:e8c3:768b:f2ad,1741,Ancelle,05,93,44.624042051282,6.2172873333333
2025-04-15 16:41:23,2a01:cb00:142b:6900:98e6:e8c3:768b:f2ad,1741,Ancelle,05,93,44.624042051282,6.2172873333333
2025-04-15 16:41:25,2a01:cb00:142b:6900:98e6:e8c3:768b:f2ad,1741,Ancelle,05,93,44.624042051282,6.2172873333333
2025-04-15 16:41:26,2a01:cb00:142b:6900:98e6:e8c3:768b:f2ad,1741,Ancelle,05,93,44.624042051282,6.2172873333333
2025-04-15 16:41:26,2a01:cb00:142b:6900:98e6:e8c3:768b:f2ad,1741,Ancelle,05,93,44.624042051282,6.2172873333333
2025-04-15 16:41:27,2a01:cb00:142b:6900:98e6:e8c3:768b:f2ad,1741,Ancelle,05,93,44.624042051282,6.2172873333333
2025-04-15 16:41:27,2a01:cb00:142b:6900:98e6:e8c3:768b:f2ad,1741,Ancelle,05,93,44.624042051282,6.2172873333333
2025-04-15 16:41:29,2a01:cb00:142b:6900:98e6:e8c3:768b:f2ad,1741,Ancelle,05,93,44.624042051282,6.2172873333333
2025-04-15 16:41:29,2a01:cb00:142b:6900:98e6:e8c3:768b:f2ad,1741,Ancelle,05,93,44.624042051282,6.2172873333333
2025-04-15 16:42:59,2a01:cb00:142b:6900:98e6:e8c3:768b:f2ad,1741,Ancelle,05,93,44.624042051282,6.2172873333333
2025-04-15 16:43:01,2a01:cb00:142b:6900:98e6:e8c3:768b:f2ad,1741,Ancelle,05,93,44.624042051282,6.2172873333333
2025-04-15 16:43:02,2a01:cb00:142b:6900:98e6:e8c3:768b:f2ad,1741,Ancelle,05,93,44.624042051282,6.2172873333333
2025-04-15 16:43:08,2a01:cb00:142b:6900:98e6:e8c3:768b:f2ad,1741,Ancelle,05,93,44.624042051282,6.2172873333333
2025-04-15 16:43:10,2a01:cb00:142b:6900:98e6:e8c3:768b:f2ad,1741,Ancelle,05,93,44.624042051282,6.2172873333333
2025-04-15 16:44:20,2a01:cb00:142b:6900:98e6:e8c3:768b:f2ad,1741,Ancelle,05,93,44.624042051282,6.2172873333333
2025-04-15 16:44:23,2a01:cb00:142b:6900:98e6:e8c3:768b:f2ad,1741,Ancelle,05,93,44.624042051282,6.2172873333333
2025-04-15 16:44:23,2a01:cb00:142b:6900:98e6:e8c3:768b:f2ad,1741,Ancelle,05,93,44.624042051282,6.2172873333333
2025-04-15 16:44:50,2a01:cb00:142b:6900:98e6:e8c3:768b:f2ad,1972,Gourdon,06,93,43.724361988304,6.9692666666667
2025-04-15 16:44:52,2a01:cb00:142b:6900:98e6:e8c3:768b:f2ad,1972,Gourdon,06,93,43.724361988304,6.9692666666667
2025-04-15 16:44:54,2a01:cb00:142b:6900:98e6:e8c3:768b:f2ad,1972,Gourdon,06,93,43.724361988304,6.9692666666667
2025-04-15 16:44:55,2a01:cb00:142b:6900:98e6:e8c3:768b:f2ad,1972,Gourdon,06,93,43.724361988304,6.9692666666667
2025-04-15 16:44:56,2a01:cb00:142b:6900:98e6:e8c3:768b:f2ad,1972,Gourdon,06,93,43.724361988304,6.9692666666667
2025-04-15 16:44:57,2a01:cb00:142b:6900:98e6:e8c3:768b:f2ad,1972,Gourdon,06,93,43.724361988304,6.9692666666667
2025-04-15 16:44:58,2a01:cb00:142b:6900:98e6:e8c3:768b:f2ad,1972,Gourdon,06,93,43.724361988304,6.9692666666667
2025-04-15 16:45:01,2a01:cb00:142b:6900:98e6:e8c3:768b:f2ad,1972,Gourdon,06,93,43.724361988304,6.9692666666667
2025-04-15 16:45:01,2a01:cb00:142b:6900:98e6:e8c3:768b:f2ad,1972,Gourdon,06,93,43.724361988304,6.9692666666667
2025-04-15 16:48:01,2a01:cb00:142b:6900:98e6:e8c3:768b:f2ad,1972,Gourdon,06,93,43.724361988304,6.9692666666667
2025-04-15 16:48:01,2a01:cb00:142b:6900:98e6:e8c3:768b:f2ad,1972,Gourdon,06,93,43.724361988304,6.9692666666667
2025-04-15 16:48:03,2a01:cb00:142b:6900:98e6:e8c3:768b:f2ad,1972,Gourdon,06,93,43.724361988304,6.9692666666667
2025-04-15 16:48:04,2a01:cb00:142b:6900:98e6:e8c3:768b:f2ad,1972,Gourdon,06,93,43.724361988304,6.9692666666667
2025-04-15 16:48:05,2a01:cb00:142b:6900:98e6:e8c3:768b:f2ad,1972,Gourdon,06,93,43.724361988304,6.9692666666667
2025-04-15 16:48:06,2a01:cb00:142b:6900:98e6:e8c3:768b:f2ad,1972,Gourdon,06,93,43.724361988304,6.9692666666667
2025-04-15 16:48:07,2a01:cb00:142b:6900:98e6:e8c3:768b:f2ad,1972,Gourdon,06,93,43.724361988304,6.9692666666667
2025-04-15 16:48:08,2a01:cb00:142b:6900:98e6:e8c3:768b:f2ad,1972,Gourdon,06,93,43.724361988304,6.9692666666667
2025-04-15 16:50:39,2a01:cb00:142b:6900:98e6:e8c3:768b:f2ad,1972,Gourdon,06,93,43.724361988304,6.9692666666667
2025-04-15 16:50:50,2a01:cb00:142b:6900:98e6:e8c3:768b:f2ad,1972,Gourdon,06,93,43.724361988304,6.9692666666667
2025-04-15 16:51:53,2a01:cb00:142b:6900:98e6:e8c3:768b:f2ad,1972,Gourdon,06,93,43.724361988304,6.9692666666667
2025-04-15 16:52:32,2a01:cb00:142b:6900:98e6:e8c3:768b:f2ad,1972,Gourdon,06,93,43.724361988304,6.9692666666667
2025-04-15 16:53:19,2a01:cb00:142b:6900:98e6:e8c3:768b:f2ad,1972,Gourdon,06,93,43.724361988304,6.9692666666667
2025-04-15 16:54:20,2a01:cb00:142b:6900:98e6:e8c3:768b:f2ad,1972,Gourdon,06,93,43.724361988304,6.9692666666667
2025-04-15 16:54:22,2a01:cb00:142b:6900:98e6:e8c3:768b:f2ad,1972,Gourdon,06,93,43.724361988304,6.9692666666667
2025-04-15 16:54:38,2a01:cb00:142b:6900:98e6:e8c3:768b:f2ad,1972,Gourdon,06,93,43.724361988304,6.9692666666667
2025-04-15 16:54:41,2a01:cb00:142b:6900:98e6:e8c3:768b:f2ad,1972,Gourdon,06,93,43.724361988304,6.9692666666667
2025-04-15 16:54:42,2a01:cb00:142b:6900:98e6:e8c3:768b:f2ad,1972,Gourdon,06,93,43.724361988304,6.9692666666667
2025-04-15 16:54:43,2a01:cb00:142b:6900:98e6:e8c3:768b:f2ad,1972,Gourdon,06,93,43.724361988304,6.9692666666667
2025-04-15 16:54:43,2a01:cb00:142b:6900:98e6:e8c3:768b:f2ad,1972,Gourdon,06,93,43.724361988304,6.9692666666667
2025-04-15 16:54:44,2a01:cb00:142b:6900:98e6:e8c3:768b:f2ad,1972,Gourdon,06,93,43.724361988304,6.9692666666667
2025-04-15 16:54:45,2a01:cb00:142b:6900:98e6:e8c3:768b:f2ad,1972,Gourdon,06,93,43.724361988304,6.9692666666667
2025-04-15 16:54:46,2a01:cb00:142b:6900:98e6:e8c3:768b:f2ad,1972,Gourdon,06,93,43.724361988304,6.9692666666667
2025-04-15 16:54:47,2a01:cb00:142b:6900:98e6:e8c3:768b:f2ad,1972,Gourdon,06,93,43.724361988304,6.9692666666667
2025-04-15 16:54:48,2a01:cb00:142b:6900:98e6:e8c3:768b:f2ad,1972,Gourdon,06,93,43.724361988304,6.9692666666667
2025-04-15 16:54:50,2a01:cb00:142b:6900:98e6:e8c3:768b:f2ad,1972,Gourdon,06,93,43.724361988304,6.9692666666667
2025-04-15 16:54:51,2a01:cb00:142b:6900:98e6:e8c3:768b:f2ad,1972,Gourdon,06,93,43.724361988304,6.9692666666667
2025-04-15 16:54:53,2a01:cb00:142b:6900:98e6:e8c3:768b:f2ad,1972,Gourdon,06,93,43.724361988304,6.9692666666667
2025-04-15 16:54:54,2a01:cb00:142b:6900:98e6:e8c3:768b:f2ad,1972,Gourdon,06,93,43.724361988304,6.9692666666667
2025-04-15 16:54:54,2a01:cb00:142b:6900:98e6:e8c3:768b:f2ad,1972,Gourdon,06,93,43.724361988304,6.9692666666667
2025-04-15 16:57:03,2a01:cb00:142b:6900:98e6:e8c3:768b:f2ad,1972,Gourdon,06,93,43.724361988304,6.9692666666667
2025-04-15 16:58:48,2a01:cb00:142b:6900:98e6:e8c3:768b:f2ad,1972,Gourdon,06,93,43.724361988304,6.9692666666667
2025-04-15 16:59:27,2a01:cb00:142b:6900:98e6:e8c3:768b:f2ad,1972,Gourdon,06,93,43.724361988304,6.9692666666667
2025-04-15 16:59:29,2a01:cb00:142b:6900:98e6:e8c3:768b:f2ad,1972,Gourdon,06,93,43.724361988304,6.9692666666667
2025-04-15 17:02:13,81.65.90.50,32934,Montjoi,82,76,44.203837884615,0.93226153846154
2025-04-15 17:02:38,81.65.90.50,32934,Montjoi,82,76,44.203837884615,0.93226153846154
2025-04-15 17:03:43,2a01:cb00:142b:6900:98e6:e8c3:768b:f2ad,1972,Gourdon,06,93,43.724361988304,6.9692666666667
2025-04-15 17:06:47,2a01:cb00:142b:6900:98e6:e8c3:768b:f2ad,1972,Gourdon,06,93,43.724361988304,6.9692666666667
2025-04-15 17:07:25,2a01:cb00:142b:6900:98e6:e8c3:768b:f2ad,1972,Gourdon,06,93,43.724361988304,6.9692666666667
2025-04-15 17:07:43,2a01:cb00:142b:6900:98e6:e8c3:768b:f2ad,1972,Gourdon,06,93,43.724361988304,6.9692666666667
2025-04-15 17:07:57,2a01:cb00:142b:6900:98e6:e8c3:768b:f2ad,1972,Gourdon,06,93,43.724361988304,6.9692666666667
2025-04-15 17:08:01,2a01:cb00:142b:6900:98e6:e8c3:768b:f2ad,1972,Gourdon,06,93,43.724361988304,6.9692666666667
2025-04-15 17:08:14,2a01:cb00:142b:6900:98e6:e8c3:768b:f2ad,1972,Gourdon,06,93,43.724361988304,6.9692666666667
2025-04-15 17:08:22,2a01:cb00:142b:6900:98e6:e8c3:768b:f2ad,1972,Gourdon,06,93,43.724361988304,6.9692666666667
2025-04-15 17:08:26,2a01:cb00:142b:6900:98e6:e8c3:768b:f2ad,1972,Gourdon,06,93,43.724361988304,6.9692666666667
2025-04-15 17:09:22,2a01:cb00:142b:6900:98e6:e8c3:768b:f2ad,1972,Gourdon,06,93,43.724361988304,6.9692666666667
2025-04-15 17:09:39,2a01:cb00:142b:6900:98e6:e8c3:768b:f2ad,1972,Gourdon,06,93,43.724361988304,6.9692666666667
2025-04-15 17:09:41,2a01:cb00:142b:6900:98e6:e8c3:768b:f2ad,1972,Gourdon,06,93,43.724361988304,6.9692666666667
2025-04-15 17:09:43,2a01:cb00:142b:6900:98e6:e8c3:768b:f2ad,1972,Gourdon,06,93,43.724361988304,6.9692666666667
2025-04-15 17:09:45,2a01:cb00:142b:6900:98e6:e8c3:768b:f2ad,1972,Gourdon,06,93,43.724361988304,6.9692666666667
2025-04-15 17:15:42,2a01:cb00:142b:6900:98e6:e8c3:768b:f2ad,1972,Gourdon,06,93,43.724361988304,6.9692666666667
2025-04-15 17:25:17,2a01:cb00:142b:6900:98e6:e8c3:768b:f2ad,1972,Gourdon,06,93,43.724361988304,6.9692666666667
2025-04-15 17:25:37,2a01:cb00:142b:6900:98e6:e8c3:768b:f2ad,1972,Gourdon,06,93,43.724361988304,6.9692666666667
2025-04-15 17:31:19,2a01:cb00:142b:6900:98e6:e8c3:768b:f2ad,35098,Villars-le-Sec,90,27,47.455564516129,6.9877474193548
2025-04-15 17:34:14,2a01:cb00:142b:6900:98e6:e8c3:768b:f2ad,35098,Villars-le-Sec,90,27,47.455564516129,6.9877474193548
2025-04-15 17:34:24,2a01:cb00:142b:6900:98e6:e8c3:768b:f2ad,35098,Villars-le-Sec,90,27,47.455564516129,6.9877474193548
2025-04-15 17:34:26,2a01:cb00:142b:6900:98e6:e8c3:768b:f2ad,35098,Villars-le-Sec,90,27,47.455564516129,6.9877474193548
2025-04-15 17:34:30,2a01:cb00:142b:6900:98e6:e8c3:768b:f2ad,35098,Villars-le-Sec,90,27,47.455564516129,6.9877474193548
2025-04-15 17:34:34,2a01:cb00:142b:6900:98e6:e8c3:768b:f2ad,35098,Villars-le-Sec,90,27,47.455564516129,6.9877474193548
2025-04-15 17:34:37,2a01:cb00:142b:6900:98e6:e8c3:768b:f2ad,35098,Villars-le-Sec,90,27,47.455564516129,6.9877474193548
2025-04-15 17:40:03,2a01:cb00:142b:6900:98e6:e8c3:768b:f2ad,35098,Villars-le-Sec,90,27,47.455564516129,6.9877474193548
2025-04-15 17:40:08,2a01:cb00:142b:6900:98e6:e8c3:768b:f2ad,35098,Villars-le-Sec,90,27,47.455564516129,6.9877474193548
2025-04-15 17:40:25,2a01:cb00:142b:6900:98e6:e8c3:768b:f2ad,35098,Villars-le-Sec,90,27,47.455564516129,6.9877474193548
2025-04-15 17:40:35,2a01:cb00:142b:6900:98e6:e8c3:768b:f2ad,35098,Villars-le-Sec,90,27,47.455564516129,6.9877474193548
2025-04-15 17:41:23,2a01:cb00:142b:6900:98e6:e8c3:768b:f2ad,35098,Villars-le-Sec,90,27,47.455564516129,6.9877474193548
2025-04-15 17:41:25,2a01:cb00:142b:6900:98e6:e8c3:768b:f2ad,35098,Villars-le-Sec,90,27,47.455564516129,6.9877474193548
2025-04-15 17:41:26,2a01:cb00:142b:6900:98e6:e8c3:768b:f2ad,35098,Villars-le-Sec,90,27,47.455564516129,6.9877474193548
2025-04-15 17:41:27,2a01:cb00:142b:6900:98e6:e8c3:768b:f2ad,35098,Villars-le-Sec,90,27,47.455564516129,6.9877474193548
2025-04-15 17:41:29,2a01:cb00:142b:6900:98e6:e8c3:768b:f2ad,35098,Villars-le-Sec,90,27,47.455564516129,6.9877474193548
2025-04-15 17:41:30,2a01:cb00:142b:6900:98e6:e8c3:768b:f2ad,35098,Villars-le-Sec,90,27,47.455564516129,6.9877474193548
2025-04-15 17:43:44,2a01:cb00:142b:6900:98e6:e8c3:768b:f2ad,29663,Chamonix-Mont-Blanc,74,84,45.938678744395,6.9194908071749
2025-04-15 17:43:47,2a01:cb00:142b:6900:98e6:e8c3:768b:f2ad,29663,Chamonix-Mont-Blanc,74,84,45.938678744395,6.9194908071749
2025-04-15 17:43:49,2a01:cb00:142b:6900:98e6:e8c3:768b:f2ad,29663,Chamonix-Mont-Blanc,74,84,45.938678744395,6.9194908071749
2025-04-15 17:43:49,2a01:cb00:142b:6900:98e6:e8c3:768b:f2ad,29663,Chamonix-Mont-Blanc,74,84,45.938678744395,6.9194908071749
2025-04-15 17:43:51,2a01:cb00:142b:6900:98e6:e8c3:768b:f2ad,29663,Chamonix-Mont-Blanc,74,84,45.938678744395,6.9194908071749
2025-04-15 17:43:52,2a01:cb00:142b:6900:98e6:e8c3:768b:f2ad,29663,Chamonix-Mont-Blanc,74,84,45.938678744395,6.9194908071749
2025-04-15 17:43:53,2a01:cb00:142b:6900:98e6:e8c3:768b:f2ad,29663,Chamonix-Mont-Blanc,74,84,45.938678744395,6.9194908071749
2025-04-15 17:43:54,2a01:cb00:142b:6900:98e6:e8c3:768b:f2ad,29663,Chamonix-Mont-Blanc,74,84,45.938678744395,6.9194908071749
2025-04-15 17:43:55,2a01:cb00:142b:6900:98e6:e8c3:768b:f2ad,29663,Chamonix-Mont-Blanc,74,84,45.938678744395,6.9194908071749
2025-04-15 17:43:57,2a01:cb00:142b:6900:98e6:e8c3:768b:f2ad,29663,Chamonix-Mont-Blanc,74,84,45.938678744395,6.9194908071749
2025-04-15 17:43:58,2a01:cb00:142b:6900:98e6:e8c3:768b:f2ad,29663,Chamonix-Mont-Blanc,74,84,45.938678744395,6.9194908071749
2025-04-15 17:43:59,2a01:cb00:142b:6900:98e6:e8c3:768b:f2ad,29663,Chamonix-Mont-Blanc,74,84,45.938678744395,6.9194908071749
2025-04-15 17:44:49,2a01:cb00:142b:6900:98e6:e8c3:768b:f2ad,29743,Les Houches,74,84,45.915682384615,6.795628
2025-04-15 17:44:51,2a01:cb00:142b:6900:98e6:e8c3:768b:f2ad,29743,Les Houches,74,84,45.915682384615,6.795628
2025-04-15 17:44:52,2a01:cb00:142b:6900:98e6:e8c3:768b:f2ad,29743,Les Houches,74,84,45.915682384615,6.795628
2025-04-15 17:44:54,2a01:cb00:142b:6900:98e6:e8c3:768b:f2ad,29743,Les Houches,74,84,45.915682384615,6.795628
2025-04-15 17:44:56,2a01:cb00:142b:6900:98e6:e8c3:768b:f2ad,29743,Les Houches,74,84,45.915682384615,6.795628
2025-04-15 17:46:15,2a01:cb00:142b:6900:98e6:e8c3:768b:f2ad,14672,Saint-Christophe-en-Oisans,38,84,44.934628911565,6.2597541496599
2025-04-15 17:46:18,2a01:cb00:142b:6900:98e6:e8c3:768b:f2ad,14672,Saint-Christophe-en-Oisans,38,84,44.934628911565,6.2597541496599
2025-04-15 17:46:19,2a01:cb00:142b:6900:98e6:e8c3:768b:f2ad,14672,Saint-Christophe-en-Oisans,38,84,44.934628911565,6.2597541496599
2025-04-15 17:46:20,2a01:cb00:142b:6900:98e6:e8c3:768b:f2ad,14672,Saint-Christophe-en-Oisans,38,84,44.934628911565,6.2597541496599
2025-04-15 17:47:14,2a01:cb00:142b:6900:98e6:e8c3:768b:f2ad,1827,Vallouise-Pelvoux,05,93,44.9138562,6.4071141
2025-04-15 17:47:17,2a01:cb00:142b:6900:98e6:e8c3:768b:f2ad,1827,Vallouise-Pelvoux,05,93,44.9138562,6.4071141
2025-04-15 17:47:18,2a01:cb00:142b:6900:98e6:e8c3:768b:f2ad,1827,Vallouise-Pelvoux,05,93,44.9138562,6.4071141
2025-04-15 17:47:20,2a01:cb00:142b:6900:98e6:e8c3:768b:f2ad,1827,Vallouise-Pelvoux,05,93,44.9138562,6.4071141
2025-04-15 17:47:35,2a01:cb00:142b:6900:98e6:e8c3:768b:f2ad,1827,Vallouise-Pelvoux,05,93,44.9138562,6.4071141
2025-04-15 17:47:37,2a01:cb00:142b:6900:98e6:e8c3:768b:f2ad,1827,Vallouise-Pelvoux,05,93,44.9138562,6.4071141
2025-04-15 17:47:38,2a01:cb00:142b:6900:98e6:e8c3:768b:f2ad,1827,Vallouise-Pelvoux,05,93,44.9138562,6.4071141
2025-04-15 17:47:40,2a01:cb00:142b:6900:98e6:e8c3:768b:f2ad,1827,Vallouise-Pelvoux,05,93,44.9138562,6.4071141
2025-04-15 17:47:41,2a01:cb00:142b:6900:98e6:e8c3:768b:f2ad,1827,Vallouise-Pelvoux,05,93,44.9138562,6.4071141
2025-04-15 17:47:44,2a01:cb00:142b:6900:98e6:e8c3:768b:f2ad,1827,Vallouise-Pelvoux,05,93,44.9138562,6.4071141
2025-04-15 17:47:49,2a01:cb00:142b:6900:98e6:e8c3:768b:f2ad,1827,Vallouise-Pelvoux,05,93,44.9138562,6.4071141
2025-04-15 17:47:52,2a01:cb00:142b:6900:98e6:e8c3:768b:f2ad,1827,Vallouise-Pelvoux,05,93,44.9138562,6.4071141
2025-04-15 17:47:53,2a01:cb00:142b:6900:98e6:e8c3:768b:f2ad,1827,Vallouise-Pelvoux,05,93,44.9138562,6.4071141
2025-04-15 17:47:56,2a01:cb00:142b:6900:98e6:e8c3:768b:f2ad,1827,Vallouise-Pelvoux,05,93,44.9138562,6.4071141
2025-04-15 17:54:21,2a01:cb00:142b:6900:98e6:e8c3:768b:f2ad,1827,Vallouise-Pelvoux,05,93,44.9138562,6.4071141
2025-04-15 17:56:26,2a01:cb00:142b:6900:98e6:e8c3:768b:f2ad,1827,Vallouise-Pelvoux,05,93,44.9138562,6.4071141
2025-04-15 17:58:22,2a01:cb00:142b:6900:98e6:e8c3:768b:f2ad,1827,Vallouise-Pelvoux,05,93,44.9138562,6.4071141
2025-04-15 17:59:03,2a01:cb00:142b:6900:98e6:e8c3:768b:f2ad,1827,Vallouise-Pelvoux,05,93,44.9138562,6.4071141
2025-04-15 17:59:15,2a01:cb00:142b:6900:98e6:e8c3:768b:f2ad,1827,Vallouise-Pelvoux,05,93,44.9138562,6.4071141
2025-04-15 17:59:36,2a01:cb00:142b:6900:98e6:e8c3:768b:f2ad,1827,Vallouise-Pelvoux,05,93,44.9138562,6.4071141
2025-04-15 17:59:42,2a01:cb00:142b:6900:98e6:e8c3:768b:f2ad,1827,Vallouise-Pelvoux,05,93,44.9138562,6.4071141
2025-04-15 17:59:54,2a01:cb00:142b:6900:98e6:e8c3:768b:f2ad,1827,Vallouise-Pelvoux,05,93,44.9138562,6.4071141
2025-04-15 18:05:28,2a01:cb00:142b:6900:98e6:e8c3:768b:f2ad,1827,Vallouise-Pelvoux,05,93,44.9138562,6.4071141
2025-04-15 18:11:48,2a01:cb00:142b:6900:98e6:e8c3:768b:f2ad,1827,Vallouise-Pelvoux,05,93,44.9138562,6.4071141
2025-04-15 18:13:02,2a01:cb00:142b:6900:98e6:e8c3:768b:f2ad,1827,Vallouise-Pelvoux,05,93,44.9138562,6.4071141
2025-04-15 18:13:08,2a01:cb00:142b:6900:98e6:e8c3:768b:f2ad,1827,Vallouise-Pelvoux,05,93,44.9138562,6.4071141
2025-04-15 18:13:11,2a01:cb00:142b:6900:98e6:e8c3:768b:f2ad,1827,Vallouise-Pelvoux,05,93,44.9138562,6.4071141
2025-04-15 18:13:17,2a01:cb00:142b:6900:98e6:e8c3:768b:f2ad,1827,Vallouise-Pelvoux,05,93,44.9138562,6.4071141
2025-04-15 18:13:20,2a01:cb00:142b:6900:98e6:e8c3:768b:f2ad,1827,Vallouise-Pelvoux,05,93,44.9138562,6.4071141
2025-04-15 18:13:23,2a01:cb00:142b:6900:98e6:e8c3:768b:f2ad,1827,Vallouise-Pelvoux,05,93,44.9138562,6.4071141
2025-04-15 18:13:27,2a01:cb00:142b:6900:98e6:e8c3:768b:f2ad,1827,Vallouise-Pelvoux,05,93,44.9138562,6.4071141
2025-04-15 18:14:47,2a01:cb00:142b:6900:98e6:e8c3:768b:f2ad,1827,Vallouise-Pelvoux,05,93,44.9138562,6.4071141
2025-04-15 18:15:04,2a01:cb00:142b:6900:98e6:e8c3:768b:f2ad,1827,Vallouise-Pelvoux,05,93,44.9138562,6.4071141
2025-04-15 18:18:23,2a01:cb00:142b:6900:98e6:e8c3:768b:f2ad,1827,Vallouise-Pelvoux,05,93,44.9138562,6.4071141
2025-04-15 18:18:27,2a01:cb00:142b:6900:98e6:e8c3:768b:f2ad,1827,Vallouise-Pelvoux,05,93,44.9138562,6.4071141
2025-04-15 18:18:37,2a01:cb00:142b:6900:98e6:e8c3:768b:f2ad,1827,Vallouise-Pelvoux,05,93,44.9138562,6.4071141
2025-04-15 18:18:40,2a01:cb00:142b:6900:98e6:e8c3:768b:f2ad,1827,Vallouise-Pelvoux,05,93,44.9138562,6.4071141
2025-04-15 18:18:44,2a01:cb00:142b:6900:98e6:e8c3:768b:f2ad,1827,Vallouise-Pelvoux,05,93,44.9138562,6.4071141
2025-04-15 18:19:01,2a01:cb00:142b:6900:98e6:e8c3:768b:f2ad,1827,Vallouise-Pelvoux,05,93,44.9138562,6.4071141
2025-04-15 18:19:46,2a01:cb00:142b:6900:98e6:e8c3:768b:f2ad,1827,Vallouise-Pelvoux,05,93,44.9138562,6.4071141
2025-04-15 18:19:50,2a01:cb00:142b:6900:98e6:e8c3:768b:f2ad,1827,Vallouise-Pelvoux,05,93,44.9138562,6.4071141
2025-04-15 18:20:48,2a01:cb00:142b:6900:98e6:e8c3:768b:f2ad,1827,Vallouise-Pelvoux,05,93,44.9138562,6.4071141
2025-04-15 18:20:56,2a01:cb00:142b:6900:98e6:e8c3:768b:f2ad,1827,Vallouise-Pelvoux,05,93,44.9138562,6.4071141
2025-04-15 18:20:57,2a01:cb00:142b:6900:98e6:e8c3:768b:f2ad,1827,Vallouise-Pelvoux,05,93,44.9138562,6.4071141
2025-04-15 18:20:59,2a01:cb00:142b:6900:98e6:e8c3:768b:f2ad,1827,Vallouise-Pelvoux,05,93,44.9138562,6.4071141
2025-04-15 18:21:10,2a01:cb00:142b:6900:98e6:e8c3:768b:f2ad,1827,Vallouise-Pelvoux,05,93,44.9138562,6.4071141
2025-04-15 18:21:13,2a01:cb00:142b:6900:98e6:e8c3:768b:f2ad,1827,Vallouise-Pelvoux,05,93,44.9138562,6.4071141
2025-04-15 18:21:14,2a01:cb00:142b:6900:98e6:e8c3:768b:f2ad,1827,Vallouise-Pelvoux,05,93,44.9138562,6.4071141
2025-04-15 18:21:15,2a01:cb00:142b:6900:98e6:e8c3:768b:f2ad,1827,Vallouise-Pelvoux,05,93,44.9138562,6.4071141
2025-04-15 18:21:16,2a01:cb00:142b:6900:98e6:e8c3:768b:f2ad,1827,Vallouise-Pelvoux,05,93,44.9138562,6.4071141
2025-04-15 18:21:17,2a01:cb00:142b:6900:98e6:e8c3:768b:f2ad,1827,Vallouise-Pelvoux,05,93,44.9138562,6.4071141
2025-04-15 18:21:18,2a01:cb00:142b:6900:98e6:e8c3:768b:f2ad,1827,Vallouise-Pelvoux,05,93,44.9138562,6.4071141
2025-04-15 18:21:25,2a01:cb00:142b:6900:98e6:e8c3:768b:f2ad,1827,Vallouise-Pelvoux,05,93,44.9138562,6.4071141
2025-04-15 18:21:27,2a01:cb00:142b:6900:98e6:e8c3:768b:f2ad,1827,Vallouise-Pelvoux,05,93,44.9138562,6.4071141
2025-04-15 18:21:29,2a01:cb00:142b:6900:98e6:e8c3:768b:f2ad,1827,Vallouise-Pelvoux,05,93,44.9138562,6.4071141
2025-04-15 18:21:31,2a01:cb00:142b:6900:98e6:e8c3:768b:f2ad,1827,Vallouise-Pelvoux,05,93,44.9138562,6.4071141
2025-04-15 18:21:32,2a01:cb00:142b:6900:98e6:e8c3:768b:f2ad,1827,Vallouise-Pelvoux,05,93,44.9138562,6.4071141
2025-04-15 18:21:33,2a01:cb00:142b:6900:98e6:e8c3:768b:f2ad,1827,Vallouise-Pelvoux,05,93,44.9138562,6.4071141
2025-04-15 18:21:38,2a01:cb00:142b:6900:98e6:e8c3:768b:f2ad,1827,Vallouise-Pelvoux,05,93,44.9138562,6.4071141
2025-04-15 18:21:39,2a01:cb00:142b:6900:98e6:e8c3:768b:f2ad,1827,Vallouise-Pelvoux,05,93,44.9138562,6.4071141
2025-04-15 18:21:43,2a01:cb00:142b:6900:98e6:e8c3:768b:f2ad,1827,Vallouise-Pelvoux,05,93,44.9138562,6.4071141
2025-04-15 18:36:31,81.65.90.50,29081,La Ferté-Bernard,72,52,48.18354331058,0.63454563139932
2025-04-15 18:36:35,81.65.90.50,29081,La Ferté-Bernard,72,52,48.18354331058,0.63454563139932
2025-04-15 18:36:37,81.65.90.50,29081,La Ferté-Bernard,72,52,48.18354331058,0.63454563139932
2025-04-15 18:36:38,81.65.90.50,29081,La Ferté-Bernard,72,52,48.18354331058,0.63454563139932
2025-04-15 18:36:40,81.65.90.50,29081,La Ferté-Bernard,72,52,48.18354331058,0.63454563139932
2025-04-15 18:36:44,81.65.90.50,29081,La Ferté-Bernard,72,52,48.18354331058,0.63454563139932
2025-04-15 18:36:53,81.65.90.50,29081,La Ferté-Bernard,72,52,48.18354331058,0.63454563139932
2025-04-15 18:36:54,81.65.90.50,29081,La Ferté-Bernard,72,52,48.18354331058,0.63454563139932
2025-04-15 18:36:55,81.65.90.50,29081,La Ferté-Bernard,72,52,48.18354331058,0.63454563139932
2025-04-15 18:37:04,81.65.90.50,29081,La Ferté-Bernard,72,52,48.18354331058,0.63454563139932
2025-04-15 18:37:04,81.65.90.50,29081,La Ferté-Bernard,72,52,48.18354331058,0.63454563139932
2025-04-15 18:37:05,81.65.90.50,29081,La Ferté-Bernard,72,52,48.18354331058,0.63454563139932
2025-04-15 18:37:05,81.65.90.50,29081,La Ferté-Bernard,72,52,48.18354331058,0.63454563139932
2025-04-15 18:37:07,81.65.90.50,29081,La Ferté-Bernard,72,52,48.18354331058,0.63454563139932
2025-04-15 18:37:07,81.65.90.50,29081,La Ferté-Bernard,72,52,48.18354331058,0.63454563139932
2025-04-15 18:37:11,81.65.90.50,29081,La Ferté-Bernard,72,52,48.18354331058,0.63454563139932
2025-04-15 18:37:13,81.65.90.50,29081,La Ferté-Bernard,72,52,48.18354331058,0.63454563139932
2025-04-15 18:37:24,81.65.90.50,35749,Koungou,976,06,-12.733582746781,45.189027339056
2025-04-15 18:39:34,81.65.90.50,35749,Koungou,976,06,-12.733582746781,45.189027339056
2025-04-15 18:43:14,81.65.90.50,35749,Koungou,976,06,-12.733582746781,45.189027339056
2025-04-15 18:43:25,81.65.90.50,9157,Allan,26,84,44.487998275862,4.7947047413793
2025-04-15 20:13:39,2a01:cb00:142b:6900:98e6:e8c3:768b:f2ad,1740,Aiguilles,05,93,44.780105887097,6.8702014516129
2025-04-15 20:18:35,2a01:cb00:142b:6900:98e6:e8c3:768b:f2ad,1740,Aiguilles,05,93,44.780105887097,6.8702014516129
2025-04-15 20:18:46,2a01:cb00:142b:6900:98e6:e8c3:768b:f2ad,1740,Aiguilles,05,93,44.780105887097,6.8702014516129
2025-04-15 20:19:34,2a01:cb00:142b:6900:98e6:e8c3:768b:f2ad,1740,Aiguilles,05,93,44.780105887097,6.8702014516129
2025-04-15 20:19:37,2a01:cb00:142b:6900:98e6:e8c3:768b:f2ad,1740,Aiguilles,05,93,44.780105887097,6.8702014516129
2025-04-15 20:22:42,2a01:cb00:142b:6900:98e6:e8c3:768b:f2ad,1740,Aiguilles,05,93,44.780105887097,6.8702014516129
2025-04-15 20:23:27,2a01:cb00:142b:6900:98e6:e8c3:768b:f2ad,1740,Aiguilles,05,93,44.780105887097,6.8702014516129
2025-04-15 20:23:29,2a01:cb00:142b:6900:98e6:e8c3:768b:f2ad,1740,Aiguilles,05,93,44.780105887097,6.8702014516129
2025-04-15 20:23:31,2a01:cb00:142b:6900:98e6:e8c3:768b:f2ad,1740,Aiguilles,05,93,44.780105887097,6.8702014516129
2025-04-15 20:23:33,2a01:cb00:142b:6900:98e6:e8c3:768b:f2ad,1740,Aiguilles,05,93,44.780105887097,6.8702014516129
2025-04-15 20:23:35,2a01:cb00:142b:6900:98e6:e8c3:768b:f2ad,1740,Aiguilles,05,93,44.780105887097,6.8702014516129
2025-04-15 20:23:35,2a01:cb00:142b:6900:98e6:e8c3:768b:f2ad,1740,Aiguilles,05,93,44.780105887097,6.8702014516129
2025-04-15 20:23:38,2a01:cb00:142b:6900:98e6:e8c3:768b:f2ad,1740,Aiguilles,05,93,44.780105887097,6.8702014516129
2025-04-15 20:23:38,2a01:cb00:142b:6900:98e6:e8c3:768b:f2ad,1740,Aiguilles,05,93,44.780105887097,6.8702014516129
2025-04-15 20:23:41,2a01:cb00:142b:6900:98e6:e8c3:768b:f2ad,1740,Aiguilles,05,93,44.780105887097,6.8702014516129
2025-04-15 20:23:43,2a01:cb00:142b:6900:98e6:e8c3:768b:f2ad,1740,Aiguilles,05,93,44.780105887097,6.8702014516129
2025-04-15 20:23:45,2a01:cb00:142b:6900:98e6:e8c3:768b:f2ad,1740,Aiguilles,05,93,44.780105887097,6.8702014516129
2025-04-15 21:34:55,2a01:cb00:142b:6900:98e6:e8c3:768b:f2ad,1740,Aiguilles,05,93,44.780105887097,6.8702014516129
2025-04-15 21:50:18,2a01:cb00:142b:6900:98e6:e8c3:768b:f2ad,1740,Aiguilles,05,93,44.780105887097,6.8702014516129
2025-04-15 21:56:15,2a01:cb00:142b:6900:98e6:e8c3:768b:f2ad,1740,Aiguilles,05,93,44.780105887097,6.8702014516129
2025-04-15 22:05:14,2a01:cb00:142b:6900:98e6:e8c3:768b:f2ad,1740,Aiguilles,05,93,44.780105887097,6.8702014516129
2025-04-15 22:05:24,2a01:cb00:142b:6900:98e6:e8c3:768b:f2ad,1740,Aiguilles,05,93,44.780105887097,6.8702014516129
2025-04-15 22:06:21,2a01:cb00:142b:6900:98e6:e8c3:768b:f2ad,1740,Aiguilles,05,93,44.780105887097,6.8702014516129
2025-04-15 22:09:47,2a01:cb00:142b:6900:98e6:e8c3:768b:f2ad,1740,Aiguilles,05,93,44.780105887097,6.8702014516129
2025-04-15 22:10:01,2a01:cb00:142b:6900:98e6:e8c3:768b:f2ad,1740,Aiguilles,05,93,44.780105887097,6.8702014516129
2025-04-15 22:10:04,2a01:cb00:142b:6900:98e6:e8c3:768b:f2ad,1740,Aiguilles,05,93,44.780105887097,6.8702014516129
2025-04-15 22:10:09,2a01:cb00:142b:6900:98e6:e8c3:768b:f2ad,1740,Aiguilles,05,93,44.780105887097,6.8702014516129
2025-04-15 22:10:10,2a01:cb00:142b:6900:98e6:e8c3:768b:f2ad,1740,Aiguilles,05,93,44.780105887097,6.8702014516129
2025-04-15 22:10:12,2a01:cb00:142b:6900:98e6:e8c3:768b:f2ad,1740,Aiguilles,05,93,44.780105887097,6.8702014516129
2025-04-15 22:10:13,2a01:cb00:142b:6900:98e6:e8c3:768b:f2ad,1740,Aiguilles,05,93,44.780105887097,6.8702014516129
2025-04-15 22:10:15,2a01:cb00:142b:6900:98e6:e8c3:768b:f2ad,1740,Aiguilles,05,93,44.780105887097,6.8702014516129
2025-04-15 22:10:16,2a01:cb00:142b:6900:98e6:e8c3:768b:f2ad,1740,Aiguilles,05,93,44.780105887097,6.8702014516129
2025-04-15 22:10:17,2a01:cb00:142b:6900:98e6:e8c3:768b:f2ad,1740,Aiguilles,05,93,44.780105887097,6.8702014516129
2025-04-15 22:12:12,2a01:cb00:142b:6900:98e6:e8c3:768b:f2ad,1740,Aiguilles,05,93,44.780105887097,6.8702014516129
2025-04-15 22:12:46,2a01:cb00:142b:6900:98e6:e8c3:768b:f2ad,35460,Cergy,95,11,49.0489899,2.0165313
2025-04-15 22:12:55,2a01:cb00:142b:6900:98e6:e8c3:768b:f2ad,35460,Cergy,95,11,49.0489899,2.0165313
2025-04-15 22:12:57,2a01:cb00:142b:6900:98e6:e8c3:768b:f2ad,35460,Cergy,95,11,49.0489899,2.0165313
2025-04-15 22:12:58,2a01:cb00:142b:6900:98e6:e8c3:768b:f2ad,35460,Cergy,95,11,49.0489899,2.0165313
2025-04-15 22:13:05,2a01:cb00:142b:6900:98e6:e8c3:768b:f2ad,35460,Cergy,95,11,49.0489899,2.0165313
2025-04-15 22:13:07,2a01:cb00:142b:6900:98e6:e8c3:768b:f2ad,35460,Cergy,95,11,49.0489899,2.0165313
2025-04-15 22:13:10,2a01:cb00:142b:6900:98e6:e8c3:768b:f2ad,35460,Cergy,95,11,49.0489899,2.0165313
2025-04-15 22:13:12,2a01:cb00:142b:6900:98e6:e8c3:768b:f2ad,35460,Cergy,95,11,49.0489899,2.0165313
2025-04-15 22:13:15,2a01:cb00:142b:6900:98e6:e8c3:768b:f2ad,35460,Cergy,95,11,49.0489899,2.0165313
2025-04-15 22:13:17,2a01:cb00:142b:6900:98e6:e8c3:768b:f2ad,35460,Cergy,95,11,49.0489899,2.0165313
2025-04-15 22:13:20,2a01:cb00:142b:6900:98e6:e8c3:768b:f2ad,35460,Cergy,95,11,49.0489899,2.0165313
2025-04-15 22:13:22,2a01:cb00:142b:6900:98e6:e8c3:768b:f2ad,35460,Cergy,95,11,49.0489899,2.0165313
2025-04-15 22:13:23,2a01:cb00:142b:6900:98e6:e8c3:768b:f2ad,35460,Cergy,95,11,49.0489899,2.0165313
2025-04-15 22:13:24,2a01:cb00:142b:6900:98e6:e8c3:768b:f2ad,35460,Cergy,95,11,49.0489899,2.0165313
2025-04-15 22:13:25,2a01:cb00:142b:6900:98e6:e8c3:768b:f2ad,35460,Cergy,95,11,49.0489899,2.0165313
2025-04-15 22:13:26,2a01:cb00:142b:6900:98e6:e8c3:768b:f2ad,35460,Cergy,95,11,49.0489899,2.0165313
2025-04-15 22:13:27,2a01:cb00:142b:6900:98e6:e8c3:768b:f2ad,35460,Cergy,95,11,49.0489899,2.0165313
2025-04-15 22:13:29,2a01:cb00:142b:6900:98e6:e8c3:768b:f2ad,35460,Cergy,95,11,49.0489899,2.0165313
2025-04-15 22:13:31,2a01:cb00:142b:6900:98e6:e8c3:768b:f2ad,35460,Cergy,95,11,49.0489899,2.0165313
2025-04-15 22:13:31,2a01:cb00:142b:6900:98e6:e8c3:768b:f2ad,35460,Cergy,95,11,49.0489899,2.0165313
2025-04-15 22:13:32,2a01:cb00:142b:6900:98e6:e8c3:768b:f2ad,35460,Cergy,95,11,49.0489899,2.0165313
2025-04-15 22:13:33,2a01:cb00:142b:6900:98e6:e8c3:768b:f2ad,35460,Cergy,95,11,49.0489899,2.0165313
2025-04-15 22:13:45,2a01:cb00:142b:6900:98e6:e8c3:768b:f2ad,35460,Cergy,95,11,49.0489899,2.0165313
2025-04-15 22:13:47,2a01:cb00:142b:6900:98e6:e8c3:768b:f2ad,35460,Cergy,95,11,49.0489899,2.0165313
2025-04-15 22:13:49,2a01:cb00:142b:6900:98e6:e8c3:768b:f2ad,35460,Cergy,95,11,49.0489899,2.0165313
2025-04-15 22:13:51,2a01:cb00:142b:6900:98e6:e8c3:768b:f2ad,35460,Cergy,95,11,49.0489899,2.0165313
2025-04-15 22:14:11,2a01:cb00:142b:6900:98e6:e8c3:768b:f2ad,35460,Cergy,95,11,49.0489899,2.0165313
2025-04-15 22:14:12,2a01:cb00:142b:6900:98e6:e8c3:768b:f2ad,35460,Cergy,95,11,49.0489899,2.0165313
2025-04-15 22:21:55,2a01:cb00:142b:6900:98e6:e8c3:768b:f2ad,35460,Cergy,95,11,49.0489899,2.0165313
2025-04-15 22:22:01,2a01:cb00:142b:6900:98e6:e8c3:768b:f2ad,35460,Cergy,95,11,49.0489899,2.0165313
2025-04-15 22:22:03,2a01:cb00:142b:6900:98e6:e8c3:768b:f2ad,35460,Cergy,95,11,49.0489899,2.0165313
2025-04-15 22:22:05,2a01:cb00:142b:6900:98e6:e8c3:768b:f2ad,35460,Cergy,95,11,49.0489899,2.0165313
2025-04-15 22:22:07,2a01:cb00:142b:6900:98e6:e8c3:768b:f2ad,35460,Cergy,95,11,49.0489899,2.0165313
2025-04-15 22:22:08,2a01:cb00:142b:6900:98e6:e8c3:768b:f2ad,35460,Cergy,95,11,49.0489899,2.0165313
2025-04-15 22:22:12,2a01:cb00:142b:6900:98e6:e8c3:768b:f2ad,35460,Cergy,95,11,49.0489899,2.0165313
2025-04-15 22:22:15,2a01:cb00:142b:6900:98e6:e8c3:768b:f2ad,35460,Cergy,95,11,49.0489899,2.0165313
2025-04-15 22:24:12,2a01:cb00:142b:6900:98e6:e8c3:768b:f2ad,35460,Cergy,95,11,49.0489899,2.0165313
2025-04-15 22:26:01,2a01:cb00:142b:6900:98e6:e8c3:768b:f2ad,35460,Cergy,95,11,49.0489899,2.0165313
2025-04-15 22:26:03,2a01:cb00:142b:6900:98e6:e8c3:768b:f2ad,35460,Cergy,95,11,49.0489899,2.0165313
2025-04-15 22:26:03,2a01:cb00:142b:6900:98e6:e8c3:768b:f2ad,35460,Cergy,95,11,49.0489899,2.0165313
2025-04-15 22:30:16,2a01:cb00:142b:6900:98e6:e8c3:768b:f2ad,35460,Cergy,95,11,49.0489899,2.0165313
2025-04-15 22:30:33,2a01:cb00:142b:6900:98e6:e8c3:768b:f2ad,35460,Cergy,95,11,49.0489899,2.0165313
2025-04-15 22:37:42,2a01:cb00:142b:6900:98e6:e8c3:768b:f2ad,35460,Cergy,95,11,49.0489899,2.0165313
2025-04-15 22:37:50,2a01:cb00:142b:6900:98e6:e8c3:768b:f2ad,35460,Cergy,95,11,49.0489899,2.0165313
2025-04-15 22:37:52,2a01:cb00:142b:6900:98e6:e8c3:768b:f2ad,35460,Cergy,95,11,49.0489899,2.0165313
2025-04-15 22:37:54,2a01:cb00:142b:6900:98e6:e8c3:768b:f2ad,35460,Cergy,95,11,49.0489899,2.0165313
2025-04-15 22:38:26,2a01:cb00:142b:6900:98e6:e8c3:768b:f2ad,35460,Cergy,95,11,49.0489899,2.0165313
2025-04-15 22:39:40,2a01:cb00:142b:6900:98e6:e8c3:768b:f2ad,35460,Cergy,95,11,49.0489899,2.0165313
2025-04-15 22:40:17,2a01:cb00:142b:6900:98e6:e8c3:768b:f2ad,7156,Montigny-Mornay-Villeneuve-sur-Vingeanne,21,27,47.564365170732,5.4441041463415
2025-04-15 23:54:38,2a01:cb00:142b:6900:98e6:e8c3:768b:f2ad,7156,Montigny-Mornay-Villeneuve-sur-Vingeanne,21,27,47.564365170732,5.4441041463415
2025-04-16 00:06:02,2a01:cb00:142b:6900:98e6:e8c3:768b:f2ad,7156,Montigny-Mornay-Villeneuve-sur-Vingeanne,21,27,47.564365170732,5.4441041463415
2025-04-16 00:06:02,2a01:cb00:142b:6900:98e6:e8c3:768b:f2ad,7156,Montigny-Mornay-Villeneuve-sur-Vingeanne,21,27,47.564365170732,5.4441041463415
2025-04-16 00:06:18,2a01:cb00:142b:6900:98e6:e8c3:768b:f2ad,7156,Montigny-Mornay-Villeneuve-sur-Vingeanne,21,27,47.564365170732,5.4441041463415
2025-04-16 00:06:18,2a01:cb00:142b:6900:98e6:e8c3:768b:f2ad,7156,Montigny-Mornay-Villeneuve-sur-Vingeanne,21,27,47.564365170732,5.4441041463415
2025-04-16 00:06:40,2a01:cb00:142b:6900:98e6:e8c3:768b:f2ad,7156,Montigny-Mornay-Villeneuve-sur-Vingeanne,21,27,47.564365170732,5.4441041463415
2025-04-16 00:08:18,2a01:cb00:142b:6900:98e6:e8c3:768b:f2ad,7156,Montigny-Mornay-Villeneuve-sur-Vingeanne,21,27,47.564365170732,5.4441041463415
2025-04-16 00:08:22,2a01:cb00:142b:6900:98e6:e8c3:768b:f2ad,7156,Montigny-Mornay-Villeneuve-sur-Vingeanne,21,27,47.564365170732,5.4441041463415
2025-04-16 00:08:35,2a01:cb00:142b:6900:98e6:e8c3:768b:f2ad,7156,Montigny-Mornay-Villeneuve-sur-Vingeanne,21,27,47.564365170732,5.4441041463415
2025-04-16 00:08:36,2a01:cb00:142b:6900:98e6:e8c3:768b:f2ad,7156,Montigny-Mornay-Villeneuve-sur-Vingeanne,21,27,47.564365170732,5.4441041463415
2025-04-16 00:10:14,2a01:cb00:142b:6900:98e6:e8c3:768b:f2ad,7156,Montigny-Mornay-Villeneuve-sur-Vingeanne,21,27,47.564365170732,5.4441041463415
2025-04-16 00:10:22,2a01:cb00:142b:6900:98e6:e8c3:768b:f2ad,7156,Montigny-Mornay-Villeneuve-sur-Vingeanne,21,27,47.564365170732,5.4441041463415
2025-04-16 00:10:26,2a01:cb00:142b:6900:98e6:e8c3:768b:f2ad,7156,Montigny-Mornay-Villeneuve-sur-Vingeanne,21,27,47.564365170732,5.4441041463415
2025-04-16 00:10:30,2a01:cb00:142b:6900:98e6:e8c3:768b:f2ad,7156,Montigny-Mornay-Villeneuve-sur-Vingeanne,21,27,47.564365170732,5.4441041463415
2025-04-16 00:10:35,2a01:cb00:142b:6900:98e6:e8c3:768b:f2ad,7156,Montigny-Mornay-Villeneuve-sur-Vingeanne,21,27,47.564365170732,5.4441041463415
2025-04-16 00:12:14,2a01:cb00:142b:6900:98e6:e8c3:768b:f2ad,7156,Montigny-Mornay-Villeneuve-sur-Vingeanne,21,27,47.564365170732,5.4441041463415
2025-04-16 00:12:16,2a01:cb00:142b:6900:98e6:e8c3:768b:f2ad,7156,Montigny-Mornay-Villeneuve-sur-Vingeanne,21,27,47.564365170732,5.4441041463415
2025-04-16 00:12:18,2a01:cb00:142b:6900:98e6:e8c3:768b:f2ad,7156,Montigny-Mornay-Villeneuve-sur-Vingeanne,21,27,47.564365170732,5.4441041463415
2025-04-16 00:12:21,2a01:cb00:142b:6900:98e6:e8c3:768b:f2ad,7156,Montigny-Mornay-Villeneuve-sur-Vingeanne,21,27,47.564365170732,5.4441041463415
2025-04-16 00:12:23,2a01:cb00:142b:6900:98e6:e8c3:768b:f2ad,7156,Montigny-Mornay-Villeneuve-sur-Vingeanne,21,27,47.564365170732,5.4441041463415
2025-04-16 00:12:23,2a01:cb00:142b:6900:98e6:e8c3:768b:f2ad,7156,Montigny-Mornay-Villeneuve-sur-Vingeanne,21,27,47.564365170732,5.4441041463415
2025-04-16 00:13:44,2a01:cb00:142b:6900:98e6:e8c3:768b:f2ad,7156,Montigny-Mornay-Villeneuve-sur-Vingeanne,21,27,47.564365170732,5.4441041463415
2025-04-16 00:14:04,2a01:cb00:142b:6900:98e6:e8c3:768b:f2ad,35459,Cergy,95,11,49.0331671,2.0547222
2025-04-16 00:14:30,2a01:cb00:142b:6900:98e6:e8c3:768b:f2ad,35459,Cergy,95,11,49.0331671,2.0547222
2025-04-16 00:14:35,2a01:cb00:142b:6900:98e6:e8c3:768b:f2ad,35459,Cergy,95,11,49.0331671,2.0547222
2025-04-16 00:14:50,2a01:cb00:142b:6900:98e6:e8c3:768b:f2ad,35459,Cergy,95,11,49.0331671,2.0547222
2025-04-16 00:14:52,2a01:cb00:142b:6900:98e6:e8c3:768b:f2ad,35459,Cergy,95,11,49.0331671,2.0547222
2025-04-16 00:15:05,2a01:cb00:142b:6900:98e6:e8c3:768b:f2ad,35459,Cergy,95,11,49.0331671,2.0547222
2025-04-16 00:15:07,2a01:cb00:142b:6900:98e6:e8c3:768b:f2ad,35459,Cergy,95,11,49.0331671,2.0547222
2025-04-16 00:17:03,2a01:cb00:142b:6900:98e6:e8c3:768b:f2ad,35459,Cergy,95,11,49.0331671,2.0547222
2025-04-16 00:17:06,2a01:cb00:142b:6900:98e6:e8c3:768b:f2ad,35459,Cergy,95,11,49.0331671,2.0547222
2025-04-16 00:17:08,2a01:cb00:142b:6900:98e6:e8c3:768b:f2ad,35459,Cergy,95,11,49.0331671,2.0547222
2025-04-16 00:17:10,2a01:cb00:142b:6900:98e6:e8c3:768b:f2ad,35459,Cergy,95,11,49.0331671,2.0547222
2025-04-16 00:20:40,2a01:cb00:142b:6900:98e6:e8c3:768b:f2ad,35459,Cergy,95,11,49.0331671,2.0547222
2025-04-16 00:23:12,2a01:cb00:142b:6900:98e6:e8c3:768b:f2ad,35459,Cergy,95,11,49.0331671,2.0547222
2025-04-16 00:24:23,2a01:cb00:142b:6900:98e6:e8c3:768b:f2ad,35459,Cergy,95,11,49.0331671,2.0547222
2025-04-16 00:35:11,2a01:cb00:142b:6900:98e6:e8c3:768b:f2ad,7156,Montigny-Mornay-Villeneuve-sur-Vingeanne,21,27,47.564365170732,5.4441041463415
2025-04-16 00:38:14,2a01:cb00:142b:6900:98e6:e8c3:768b:f2ad,7156,Montigny-Mornay-Villeneuve-sur-Vingeanne,21,27,47.564365170732,5.4441041463415
2025-04-16 00:38:19,2a01:cb00:142b:6900:98e6:e8c3:768b:f2ad,7156,Montigny-Mornay-Villeneuve-sur-Vingeanne,21,27,47.564365170732,5.4441041463415
2025-04-16 00:38:20,2a01:cb00:142b:6900:98e6:e8c3:768b:f2ad,7156,Montigny-Mornay-Villeneuve-sur-Vingeanne,21,27,47.564365170732,5.4441041463415
2025-04-16 00:38:21,2a01:cb00:142b:6900:98e6:e8c3:768b:f2ad,7156,Montigny-Mornay-Villeneuve-sur-Vingeanne,21,27,47.564365170732,5.4441041463415
2025-04-16 00:40:57,2a01:cb00:142b:6900:98e6:e8c3:768b:f2ad,7156,Montigny-Mornay-Villeneuve-sur-Vingeanne,21,27,47.564365170732,5.4441041463415
2025-04-16 00:40:59,2a01:cb00:142b:6900:98e6:e8c3:768b:f2ad,7156,Montigny-Mornay-Villeneuve-sur-Vingeanne,21,27,47.564365170732,5.4441041463415
2025-04-16 00:41:01,2a01:cb00:142b:6900:98e6:e8c3:768b:f2ad,7156,Montigny-Mornay-Villeneuve-sur-Vingeanne,21,27,47.564365170732,5.4441041463415
2025-04-16 00:41:02,2a01:cb00:142b:6900:98e6:e8c3:768b:f2ad,7156,Montigny-Mornay-Villeneuve-sur-Vingeanne,21,27,47.564365170732,5.4441041463415
2025-04-16 00:41:03,2a01:cb00:142b:6900:98e6:e8c3:768b:f2ad,7156,Montigny-Mornay-Villeneuve-sur-Vingeanne,21,27,47.564365170732,5.4441041463415
2025-04-16 00:41:04,2a01:cb00:142b:6900:98e6:e8c3:768b:f2ad,7156,Montigny-Mornay-Villeneuve-sur-Vingeanne,21,27,47.564365170732,5.4441041463415
2025-04-16 00:41:05,2a01:cb00:142b:6900:98e6:e8c3:768b:f2ad,7156,Montigny-Mornay-Villeneuve-sur-Vingeanne,21,27,47.564365170732,5.4441041463415
2025-04-16 00:42:59,2a01:cb00:142b:6900:98e6:e8c3:768b:f2ad,7156,Montigny-Mornay-Villeneuve-sur-Vingeanne,21,27,47.564365170732,5.4441041463415
2025-04-16 00:43:17,2a01:cb00:142b:6900:98e6:e8c3:768b:f2ad,35459,Cergy,95,11,49.0331671,2.0547222
2025-04-16 00:43:37,2a01:cb00:142b:6900:98e6:e8c3:768b:f2ad,35548,Neuville-sur-Oise,95,11,49.017267173913,2.0648947826087
2025-04-16 00:43:50,2a01:cb00:142b:6900:98e6:e8c3:768b:f2ad,35548,Neuville-sur-Oise,95,11,49.017267173913,2.0648947826087
2025-04-16 00:43:50,2a01:cb00:142b:6900:98e6:e8c3:768b:f2ad,35548,Neuville-sur-Oise,95,11,49.017267173913,2.0648947826087
2025-04-16 00:43:54,2a01:cb00:142b:6900:98e6:e8c3:768b:f2ad,35548,Neuville-sur-Oise,95,11,49.017267173913,2.0648947826087
2025-04-16 00:43:55,2a01:cb00:142b:6900:98e6:e8c3:768b:f2ad,35548,Neuville-sur-Oise,95,11,49.017267173913,2.0648947826087
2025-04-16 00:43:56,2a01:cb00:142b:6900:98e6:e8c3:768b:f2ad,35548,Neuville-sur-Oise,95,11,49.017267173913,2.0648947826087
2025-04-16 00:43:57,2a01:cb00:142b:6900:98e6:e8c3:768b:f2ad,35548,Neuville-sur-Oise,95,11,49.017267173913,2.0648947826087
2025-04-16 00:43:58,2a01:cb00:142b:6900:98e6:e8c3:768b:f2ad,35548,Neuville-sur-Oise,95,11,49.017267173913,2.0648947826087
2025-04-16 00:43:59,2a01:cb00:142b:6900:98e6:e8c3:768b:f2ad,35548,Neuville-sur-Oise,95,11,49.017267173913,2.0648947826087
2025-04-16 00:44:00,2a01:cb00:142b:6900:98e6:e8c3:768b:f2ad,35548,Neuville-sur-Oise,95,11,49.017267173913,2.0648947826087
2025-04-16 00:44:00,2a01:cb00:142b:6900:98e6:e8c3:768b:f2ad,35548,Neuville-sur-Oise,95,11,49.017267173913,2.0648947826087
2025-04-16 00:45:42,2a01:cb00:142b:6900:98e6:e8c3:768b:f2ad,35548,Neuville-sur-Oise,95,11,49.017267173913,2.0648947826087
2025-04-16 00:45:42,2a01:cb00:142b:6900:98e6:e8c3:768b:f2ad,35548,Neuville-sur-Oise,95,11,49.017267173913,2.0648947826087
2025-04-16 00:48:05,2a01:cb00:142b:6900:98e6:e8c3:768b:f2ad,35548,Neuville-sur-Oise,95,11,49.017267173913,2.0648947826087
2025-04-16 01:17:00,2a01:cb00:142b:6900:98e6:e8c3:768b:f2ad,7156,Montigny-Mornay-Villeneuve-sur-Vingeanne,21,27,47.564365170732,5.4441041463415
2025-04-16 01:21:02,2a01:cb00:142b:6900:98e6:e8c3:768b:f2ad,35630,Pointe-à-Pitre,971,01,16.227601111111,-61.534626405229
2025-04-16 01:21:12,2a01:cb00:142b:6900:98e6:e8c3:768b:f2ad,35630,Pointe-à-Pitre,971,01,16.227601111111,-61.534626405229
2025-04-16 01:21:16,2a01:cb00:142b:6900:98e6:e8c3:768b:f2ad,35630,Pointe-à-Pitre,971,01,16.227601111111,-61.534626405229
2025-04-16 01:21:18,2a01:cb00:142b:6900:98e6:e8c3:768b:f2ad,35630,Pointe-à-Pitre,971,01,16.227601111111,-61.534626405229
2025-04-16 01:21:20,2a01:cb00:142b:6900:98e6:e8c3:768b:f2ad,35630,Pointe-à-Pitre,971,01,16.227601111111,-61.534626405229
2025-04-16 01:21:23,2a01:cb00:142b:6900:98e6:e8c3:768b:f2ad,35630,Pointe-à-Pitre,971,01,16.227601111111,-61.534626405229
2025-04-16 01:21:28,2a01:cb00:142b:6900:98e6:e8c3:768b:f2ad,35630,Pointe-à-Pitre,971,01,16.227601111111,-61.534626405229
2025-04-16 01:21:28,2a01:cb00:142b:6900:98e6:e8c3:768b:f2ad,35630,Pointe-à-Pitre,971,01,16.227601111111,-61.534626405229
2025-04-16 01:21:35,2a01:cb00:142b:6900:98e6:e8c3:768b:f2ad,35630,Pointe-à-Pitre,971,01,16.227601111111,-61.534626405229
2025-04-16 01:21:35,2a01:cb00:142b:6900:98e6:e8c3:768b:f2ad,35630,Pointe-à-Pitre,971,01,16.227601111111,-61.534626405229
2025-04-16 01:26:40,2a01:cb00:142b:6900:98e6:e8c3:768b:f2ad,35630,Pointe-à-Pitre,971,01,16.227601111111,-61.534626405229
2025-04-16 01:29:57,2a01:cb00:142b:6900:98e6:e8c3:768b:f2ad,35630,Pointe-à-Pitre,971,01,16.227601111111,-61.534626405229
2025-04-16 01:30:09,2a01:cb00:142b:6900:98e6:e8c3:768b:f2ad,35630,Pointe-à-Pitre,971,01,16.227601111111,-61.534626405229
2025-04-16 01:30:10,2a01:cb00:142b:6900:98e6:e8c3:768b:f2ad,35630,Pointe-à-Pitre,971,01,16.227601111111,-61.534626405229
2025-04-16 02:06:23,2a01:cb00:142b:6900:98e6:e8c3:768b:f2ad,35630,Pointe-à-Pitre,971,01,16.227601111111,-61.534626405229
2025-04-16 02:06:27,2a01:cb00:142b:6900:98e6:e8c3:768b:f2ad,35630,Pointe-à-Pitre,971,01,16.227601111111,-61.534626405229
2025-04-16 02:06:29,2a01:cb00:142b:6900:98e6:e8c3:768b:f2ad,35630,Pointe-à-Pitre,971,01,16.227601111111,-61.534626405229
2025-04-16 02:06:31,2a01:cb00:142b:6900:98e6:e8c3:768b:f2ad,35630,Pointe-à-Pitre,971,01,16.227601111111,-61.534626405229
2025-04-16 02:07:37,2a01:cb00:142b:6900:98e6:e8c3:768b:f2ad,35630,Pointe-à-Pitre,971,01,16.227601111111,-61.534626405229
2025-04-16 02:07:40,2a01:cb00:142b:6900:98e6:e8c3:768b:f2ad,35630,Pointe-à-Pitre,971,01,16.227601111111,-61.534626405229
2025-04-16 02:07:48,2a01:cb00:142b:6900:98e6:e8c3:768b:f2ad,35630,Pointe-à-Pitre,971,01,16.227601111111,-61.534626405229
2025-04-16 02:07:49,2a01:cb00:142b:6900:98e6:e8c3:768b:f2ad,35630,Pointe-à-Pitre,971,01,16.227601111111,-61.534626405229
2025-04-16 02:07:53,2a01:cb00:142b:6900:98e6:e8c3:768b:f2ad,35630,Pointe-à-Pitre,971,01,16.227601111111,-61.534626405229
2025-04-16 02:07:56,2a01:cb00:142b:6900:98e6:e8c3:768b:f2ad,35630,Pointe-à-Pitre,971,01,16.227601111111,-61.534626405229
2025-04-16 02:12:24,176.128.31.250,35459,Cergy,95,11,49.0331671,2.0547222
2025-04-16 02:12:48,2a01:cb00:142b:6900:98e6:e8c3:768b:f2ad,35630,Pointe-à-Pitre,971,01,16.227601111111,-61.534626405229
2025-04-16 02:29:08,2a01:cb00:142b:6900:98e6:e8c3:768b:f2ad,4431,Marseille,13,93,43.3071618,5.4253757
2025-04-16 03:22:29,2a01:cb00:142b:6900:98e6:e8c3:768b:f2ad,12636,Bordeaux,33,75,44.8445542,-0.5494198
2025-04-16 03:42:38,2a01:cb00:142b:6900:98e6:e8c3:768b:f2ad,12636,Bordeaux,33,75,44.8445542,-0.5494198
2025-04-16 03:42:40,2a01:cb00:142b:6900:98e6:e8c3:768b:f2ad,12636,Bordeaux,33,75,44.8445542,-0.5494198
2025-04-16 03:42:45,2a01:cb00:142b:6900:98e6:e8c3:768b:f2ad,12636,Bordeaux,33,75,44.8445542,-0.5494198
2025-04-16 08:35:13,81.65.90.50,9157,Allan,26,84,44.487998275862,4.7947047413793
2025-04-16 08:35:17,81.65.90.50,9157,Allan,26,84,44.487998275862,4.7947047413793
2025-04-16 08:35:40,81.65.90.50,9157,Allan,26,84,44.487998275862,4.7947047413793
2025-04-16 08:54:28,81.65.90.50,9157,Allan,26,84,44.487998275862,4.7947047413793
2025-04-16 09:06:27,81.65.90.50,22977,Agnetz,60,32,49.390941691542,2.3772868656716
2025-04-16 09:06:34,81.65.90.50,22977,Agnetz,60,32,49.390941691542,2.3772868656716
2025-04-16 12:09:43,2a01:cb00:142b:6900:61cf:c6bc:9bcf:1da6,12636,Bordeaux,33,75,44.8445542,-0.5494198
2025-04-16 12:09:57,81.65.90.50,35364,Saint-Denis,93,11,48.9315523,2.3563278
2025-04-16 12:10:00,2a01:cb00:142b:6900:61cf:c6bc:9bcf:1da6,12636,Bordeaux,33,75,44.8445542,-0.5494198
2025-04-16 12:11:46,81.65.90.50,29916,Paris,75,11,48.891986,2.319287
2025-04-16 12:13:08,81.65.90.50,4432,Marseille,13,93,43.3649321,5.4253757
2025-04-16 12:13:16,81.65.90.50,6736,Alise-Sainte-Reine,21,27,47.534619895833,4.48890875
2025-04-16 12:13:18,2a01:cb00:142b:6900:61cf:c6bc:9bcf:1da6,12636,Bordeaux,33,75,44.8445542,-0.5494198
2025-04-16 12:13:21,2a01:cb00:142b:6900:61cf:c6bc:9bcf:1da6,12636,Bordeaux,33,75,44.8445542,-0.5494198
2025-04-16 12:15:58,2a01:cb00:142b:6900:61cf:c6bc:9bcf:1da6,12636,Bordeaux,33,75,44.8445542,-0.5494198
2025-04-16 12:17:34,81.65.90.50,33164,Avignon,84,93,43.9470042,4.8209596
2025-04-16 12:17:39,81.65.90.50,33164,Avignon,84,93,43.9470042,4.8209596
2025-04-16 12:17:40,81.65.90.50,33164,Avignon,84,93,43.9470042,4.8209596
2025-04-16 12:17:42,81.65.90.50,33164,Avignon,84,93,43.9470042,4.8209596
2025-04-16 12:17:47,81.65.90.50,33164,Avignon,84,93,43.9470042,4.8209596
2025-04-16 12:19:10,2a01:cb00:142b:6900:61cf:c6bc:9bcf:1da6,7156,Montigny-Mornay-Villeneuve-sur-Vingeanne,21,27,47.564365170732,5.4441041463415
2025-04-16 12:19:50,2a01:cb00:142b:6900:61cf:c6bc:9bcf:1da6,7156,Montigny-Mornay-Villeneuve-sur-Vingeanne,21,27,47.564365170732,5.4441041463415
2025-04-16 12:20:49,2a01:cb00:142b:6900:61cf:c6bc:9bcf:1da6,7156,Montigny-Mornay-Villeneuve-sur-Vingeanne,21,27,47.564365170732,5.4441041463415
2025-04-16 12:22:17,2a01:cb00:142b:6900:61cf:c6bc:9bcf:1da6,7156,Montigny-Mornay-Villeneuve-sur-Vingeanne,21,27,47.564365170732,5.4441041463415
2025-04-16 12:22:20,2a01:cb00:142b:6900:61cf:c6bc:9bcf:1da6,7156,Montigny-Mornay-Villeneuve-sur-Vingeanne,21,27,47.564365170732,5.4441041463415
2025-04-16 12:24:03,2a01:cb00:142b:6900:61cf:c6bc:9bcf:1da6,7156,Montigny-Mornay-Villeneuve-sur-Vingeanne,21,27,47.564365170732,5.4441041463415
2025-04-16 12:24:35,2a01:cb00:142b:6900:61cf:c6bc:9bcf:1da6,7156,Montigny-Mornay-Villeneuve-sur-Vingeanne,21,27,47.564365170732,5.4441041463415
2025-04-16 12:25:40,2a01:cb00:142b:6900:61cf:c6bc:9bcf:1da6,7156,Montigny-Mornay-Villeneuve-sur-Vingeanne,21,27,47.564365170732,5.4441041463415
2025-04-16 12:26:28,2a01:cb00:142b:6900:61cf:c6bc:9bcf:1da6,7156,Montigny-Mornay-Villeneuve-sur-Vingeanne,21,27,47.564365170732,5.4441041463415
2025-04-16 12:27:47,2a01:cb00:142b:6900:61cf:c6bc:9bcf:1da6,7156,Montigny-Mornay-Villeneuve-sur-Vingeanne,21,27,47.564365170732,5.4441041463415
2025-04-16 12:35:30,2a01:cb00:142b:6900:61cf:c6bc:9bcf:1da6,7156,Montigny-Mornay-Villeneuve-sur-Vingeanne,21,27,47.564365170732,5.4441041463415
2025-04-16 12:35:33,2a01:cb00:142b:6900:61cf:c6bc:9bcf:1da6,7156,Montigny-Mornay-Villeneuve-sur-Vingeanne,21,27,47.564365170732,5.4441041463415
2025-04-16 12:35:36,2a01:cb00:142b:6900:61cf:c6bc:9bcf:1da6,7156,Montigny-Mornay-Villeneuve-sur-Vingeanne,21,27,47.564365170732,5.4441041463415
2025-04-16 12:35:38,2a01:cb00:142b:6900:61cf:c6bc:9bcf:1da6,7156,Montigny-Mornay-Villeneuve-sur-Vingeanne,21,27,47.564365170732,5.4441041463415
2025-04-16 12:49:50,81.65.90.50,33164,Avignon,84,93,43.9470042,4.8209596
2025-04-16 12:51:19,81.65.90.50,33164,Avignon,84,93,43.9470042,4.8209596
2025-04-16 12:51:22,81.65.90.50,33164,Avignon,84,93,43.9470042,4.8209596
2025-04-16 12:51:23,81.65.90.50,33164,Avignon,84,93,43.9470042,4.8209596
2025-04-16 12:51:24,81.65.90.50,33164,Avignon,84,93,43.9470042,4.8209596
2025-04-16 12:51:25,81.65.90.50,33164,Avignon,84,93,43.9470042,4.8209596
2025-04-16 12:54:00,2a01:cb00:142b:6900:61cf:c6bc:9bcf:1da6,7156,Montigny-Mornay-Villeneuve-sur-Vingeanne,21,27,47.564365170732,5.4441041463415
2025-04-16 12:57:21,2a01:cb00:142b:6900:61cf:c6bc:9bcf:1da6,7156,Montigny-Mornay-Villeneuve-sur-Vingeanne,21,27,47.564365170732,5.4441041463415
2025-04-16 13:01:41,2a01:cb00:142b:6900:61cf:c6bc:9bcf:1da6,7156,Montigny-Mornay-Villeneuve-sur-Vingeanne,21,27,47.564365170732,5.4441041463415
2025-04-16 13:11:30,2a01:cb00:142b:6900:61cf:c6bc:9bcf:1da6,7156,Montigny-Mornay-Villeneuve-sur-Vingeanne,21,27,47.564365170732,5.4441041463415
2025-04-16 13:34:02,2a01:cb00:142b:6900:61cf:c6bc:9bcf:1da6,7156,Montigny-Mornay-Villeneuve-sur-Vingeanne,21,27,47.564365170732,5.4441041463415
2025-04-16 13:35:39,2a01:cb00:142b:6900:61cf:c6bc:9bcf:1da6,7156,Montigny-Mornay-Villeneuve-sur-Vingeanne,21,27,47.564365170732,5.4441041463415
2025-04-16 13:35:42,2a01:cb00:142b:6900:61cf:c6bc:9bcf:1da6,7156,Montigny-Mornay-Villeneuve-sur-Vingeanne,21,27,47.564365170732,5.4441041463415
2025-04-16 13:36:05,2a01:cb00:142b:6900:61cf:c6bc:9bcf:1da6,7156,Montigny-Mornay-Villeneuve-sur-Vingeanne,21,27,47.564365170732,5.4441041463415
2025-04-16 13:43:39,2a01:cb00:142b:6900:61cf:c6bc:9bcf:1da6,7156,Montigny-Mornay-Villeneuve-sur-Vingeanne,21,27,47.564365170732,5.4441041463415
2025-04-16 13:48:36,2a01:cb00:142b:6900:61cf:c6bc:9bcf:1da6,7156,Montigny-Mornay-Villeneuve-sur-Vingeanne,21,27,47.564365170732,5.4441041463415
2025-04-16 13:48:39,2a01:cb00:142b:6900:61cf:c6bc:9bcf:1da6,7156,Montigny-Mornay-Villeneuve-sur-Vingeanne,21,27,47.564365170732,5.4441041463415
2025-04-16 13:48:40,2a01:cb00:142b:6900:61cf:c6bc:9bcf:1da6,7156,Montigny-Mornay-Villeneuve-sur-Vingeanne,21,27,47.564365170732,5.4441041463415
2025-04-16 13:48:41,2a01:cb00:142b:6900:61cf:c6bc:9bcf:1da6,7156,Montigny-Mornay-Villeneuve-sur-Vingeanne,21,27,47.564365170732,5.4441041463415
2025-04-16 13:48:42,2a01:cb00:142b:6900:61cf:c6bc:9bcf:1da6,7156,Montigny-Mornay-Villeneuve-sur-Vingeanne,21,27,47.564365170732,5.4441041463415
2025-04-16 13:48:44,2a01:cb00:142b:6900:61cf:c6bc:9bcf:1da6,7156,Montigny-Mornay-Villeneuve-sur-Vingeanne,21,27,47.564365170732,5.4441041463415
2025-04-16 13:48:45,2a01:cb00:142b:6900:61cf:c6bc:9bcf:1da6,7156,Montigny-Mornay-Villeneuve-sur-Vingeanne,21,27,47.564365170732,5.4441041463415
2025-04-16 13:48:46,2a01:cb00:142b:6900:61cf:c6bc:9bcf:1da6,7156,Montigny-Mornay-Villeneuve-sur-Vingeanne,21,27,47.564365170732,5.4441041463415
2025-04-16 13:48:46,2a01:cb00:142b:6900:61cf:c6bc:9bcf:1da6,7156,Montigny-Mornay-Villeneuve-sur-Vingeanne,21,27,47.564365170732,5.4441041463415
2025-04-16 13:48:47,2a01:cb00:142b:6900:61cf:c6bc:9bcf:1da6,7156,Montigny-Mornay-Villeneuve-sur-Vingeanne,21,27,47.564365170732,5.4441041463415
2025-04-16 13:48:47,2a01:cb00:142b:6900:61cf:c6bc:9bcf:1da6,7156,Montigny-Mornay-Villeneuve-sur-Vingeanne,21,27,47.564365170732,5.4441041463415
2025-04-16 13:54:03,2a01:cb00:142b:6900:61cf:c6bc:9bcf:1da6,7156,Montigny-Mornay-Villeneuve-sur-Vingeanne,21,27,47.564365170732,5.4441041463415
2025-04-16 13:54:57,2a01:cb00:142b:6900:61cf:c6bc:9bcf:1da6,7156,Montigny-Mornay-Villeneuve-sur-Vingeanne,21,27,47.564365170732,5.4441041463415
2025-04-16 14:08:14,2a01:cb00:142b:6900:61cf:c6bc:9bcf:1da6,7156,Montigny-Mornay-Villeneuve-sur-Vingeanne,21,27,47.564365170732,5.4441041463415
2025-04-16 14:08:45,2a01:cb00:142b:6900:61cf:c6bc:9bcf:1da6,7156,Montigny-Mornay-Villeneuve-sur-Vingeanne,21,27,47.564365170732,5.4441041463415
2025-04-16 14:09:39,2a01:cb00:142b:6900:61cf:c6bc:9bcf:1da6,7156,Montigny-Mornay-Villeneuve-sur-Vingeanne,21,27,47.564365170732,5.4441041463415
2025-04-16 14:24:42,2a01:cb00:142b:6900:61cf:c6bc:9bcf:1da6,7156,Montigny-Mornay-Villeneuve-sur-Vingeanne,21,27,47.564365170732,5.4441041463415
2025-04-16 14:29:12,2a01:cb00:142b:6900:61cf:c6bc:9bcf:1da6,7156,Montigny-Mornay-Villeneuve-sur-Vingeanne,21,27,47.564365170732,5.4441041463415
2025-04-16 14:40:18,2a01:cb00:142b:6900:61cf:c6bc:9bcf:1da6,7156,Montigny-Mornay-Villeneuve-sur-Vingeanne,21,27,47.564365170732,5.4441041463415
2025-04-16 14:40:44,2a01:cb00:142b:6900:61cf:c6bc:9bcf:1da6,7156,Montigny-Mornay-Villeneuve-sur-Vingeanne,21,27,47.564365170732,5.4441041463415
2025-04-16 14:44:36,2a01:cb00:142b:6900:61cf:c6bc:9bcf:1da6,7156,Montigny-Mornay-Villeneuve-sur-Vingeanne,21,27,47.564365170732,5.4441041463415
2025-04-16 14:50:11,2a01:cb00:142b:6900:61cf:c6bc:9bcf:1da6,7156,Montigny-Mornay-Villeneuve-sur-Vingeanne,21,27,47.564365170732,5.4441041463415
2025-04-16 14:56:48,2a01:cb00:142b:6900:61cf:c6bc:9bcf:1da6,7156,Montigny-Mornay-Villeneuve-sur-Vingeanne,21,27,47.564365170732,5.4441041463415
2025-04-16 15:42:23,81.65.90.50,33164,Avignon,84,93,43.9470042,4.8209596
2025-04-16 15:42:27,81.65.90.50,33164,Avignon,84,93,43.9470042,4.8209596
2025-04-16 15:42:28,81.65.90.50,33164,Avignon,84,93,43.9470042,4.8209596
2025-04-16 15:42:28,81.65.90.50,33164,Avignon,84,93,43.9470042,4.8209596
2025-04-16 15:42:29,81.65.90.50,33164,Avignon,84,93,43.9470042,4.8209596
2025-04-16 15:42:32,81.65.90.50,33164,Avignon,84,93,43.9470042,4.8209596
2025-04-16 15:42:33,81.65.90.50,33164,Avignon,84,93,43.9470042,4.8209596
2025-04-16 15:42:33,81.65.90.50,33164,Avignon,84,93,43.9470042,4.8209596
2025-04-16 15:42:34,81.65.90.50,33164,Avignon,84,93,43.9470042,4.8209596
2025-04-16 21:55:01,2a01:cb00:142b:6900:41e3:fa5c:ca0d:7e60,7156,Montigny-Mornay-Villeneuve-sur-Vingeanne,21,27,47.564365170732,5.4441041463415
2025-04-16 22:04:01,2a01:cb00:142b:6900:41e3:fa5c:ca0d:7e60,7156,Montigny-Mornay-Villeneuve-sur-Vingeanne,21,27,47.564365170732,5.4441041463415
2025-04-16 22:04:07,2a01:cb00:142b:6900:41e3:fa5c:ca0d:7e60,7156,Montigny-Mornay-Villeneuve-sur-Vingeanne,21,27,47.564365170732,5.4441041463415
2025-04-16 22:08:33,2a01:cb00:142b:6900:41e3:fa5c:ca0d:7e60,7156,Montigny-Mornay-Villeneuve-sur-Vingeanne,21,27,47.564365170732,5.4441041463415
2025-04-16 22:08:42,2a01:cb00:142b:6900:41e3:fa5c:ca0d:7e60,7156,Montigny-Mornay-Villeneuve-sur-Vingeanne,21,27,47.564365170732,5.4441041463415
2025-04-16 22:11:45,2a01:cb00:142b:6900:41e3:fa5c:ca0d:7e60,7156,Montigny-Mornay-Villeneuve-sur-Vingeanne,21,27,47.564365170732,5.4441041463415
2025-04-16 22:12:47,2a01:cb00:142b:6900:41e3:fa5c:ca0d:7e60,7156,Montigny-Mornay-Villeneuve-sur-Vingeanne,21,27,47.564365170732,5.4441041463415
2025-04-16 22:19:43,2a01:cb00:142b:6900:41e3:fa5c:ca0d:7e60,7156,Montigny-Mornay-Villeneuve-sur-Vingeanne,21,27,47.564365170732,5.4441041463415
2025-04-16 22:25:15,2a01:cb00:142b:6900:41e3:fa5c:ca0d:7e60,7156,Montigny-Mornay-Villeneuve-sur-Vingeanne,21,27,47.564365170732,5.4441041463415
2025-04-16 22:26:00,2a01:cb00:142b:6900:41e3:fa5c:ca0d:7e60,7156,Montigny-Mornay-Villeneuve-sur-Vingeanne,21,27,47.564365170732,5.4441041463415
2025-04-16 22:26:06,2a01:cb00:142b:6900:41e3:fa5c:ca0d:7e60,7156,Montigny-Mornay-Villeneuve-sur-Vingeanne,21,27,47.564365170732,5.4441041463415
2025-04-16 22:27:06,2a01:cb00:142b:6900:41e3:fa5c:ca0d:7e60,7156,Montigny-Mornay-Villeneuve-sur-Vingeanne,21,27,47.564365170732,5.4441041463415
2025-04-16 22:27:49,2a01:cb00:142b:6900:41e3:fa5c:ca0d:7e60,7156,Montigny-Mornay-Villeneuve-sur-Vingeanne,21,27,47.564365170732,5.4441041463415
2025-04-16 22:28:14,2a01:cb00:142b:6900:41e3:fa5c:ca0d:7e60,7156,Montigny-Mornay-Villeneuve-sur-Vingeanne,21,27,47.564365170732,5.4441041463415
2025-04-16 22:28:18,2a01:cb00:142b:6900:41e3:fa5c:ca0d:7e60,7156,Montigny-Mornay-Villeneuve-sur-Vingeanne,21,27,47.564365170732,5.4441041463415
2025-04-16 22:28:24,2a01:cb00:142b:6900:41e3:fa5c:ca0d:7e60,7156,Montigny-Mornay-Villeneuve-sur-Vingeanne,21,27,47.564365170732,5.4441041463415
2025-04-16 22:31:25,2a01:cb00:142b:6900:41e3:fa5c:ca0d:7e60,7156,Montigny-Mornay-Villeneuve-sur-Vingeanne,21,27,47.564365170732,5.4441041463415
2025-04-17 16:02:53,81.65.90.50,33164,Avignon,84,93,43.9470042,4.8209596
2025-04-17 16:03:32,81.65.90.50,33164,Avignon,84,93,43.9470042,4.8209596
2025-04-17 16:09:31,2a01:cb00:142b:6900:da6:d6a3:8f4d:4d83,14203,Montrésor,37,24,47.152967804878,1.2001063414634
2025-04-17 16:10:46,2a01:cb00:142b:6900:da6:d6a3:8f4d:4d83,35439,Beaumont-sur-Oise,95,11,49.139732051282,2.298415
2025-04-17 16:14:18,2a01:cb00:142b:6900:da6:d6a3:8f4d:4d83,35439,Beaumont-sur-Oise,95,11,49.139732051282,2.298415
2025-04-17 16:18:07,2a01:cb00:142b:6900:da6:d6a3:8f4d:4d83,35439,Beaumont-sur-Oise,95,11,49.139732051282,2.298415
2025-04-17 16:18:22,2a01:cb00:142b:6900:da6:d6a3:8f4d:4d83,35439,Beaumont-sur-Oise,95,11,49.139732051282,2.298415
2025-04-17 16:18:32,2a01:cb00:142b:6900:da6:d6a3:8f4d:4d83,35439,Beaumont-sur-Oise,95,11,49.139732051282,2.298415
2025-04-17 16:18:34,2a01:cb00:142b:6900:da6:d6a3:8f4d:4d83,35439,Beaumont-sur-Oise,95,11,49.139732051282,2.298415
2025-04-17 16:18:35,2a01:cb00:142b:6900:da6:d6a3:8f4d:4d83,35439,Beaumont-sur-Oise,95,11,49.139732051282,2.298415
2025-04-17 16:18:36,2a01:cb00:142b:6900:da6:d6a3:8f4d:4d83,35439,Beaumont-sur-Oise,95,11,49.139732051282,2.298415
2025-04-17 16:18:38,2a01:cb00:142b:6900:da6:d6a3:8f4d:4d83,35439,Beaumont-sur-Oise,95,11,49.139732051282,2.298415
2025-04-17 16:18:39,2a01:cb00:142b:6900:da6:d6a3:8f4d:4d83,35439,Beaumont-sur-Oise,95,11,49.139732051282,2.298415
2025-04-17 16:18:43,2a01:cb00:142b:6900:da6:d6a3:8f4d:4d83,35439,Beaumont-sur-Oise,95,11,49.139732051282,2.298415
2025-04-17 16:18:43,2a01:cb00:142b:6900:da6:d6a3:8f4d:4d83,35439,Beaumont-sur-Oise,95,11,49.139732051282,2.298415
2025-04-17 16:19:18,2a01:cb00:142b:6900:da6:d6a3:8f4d:4d83,35439,Beaumont-sur-Oise,95,11,49.139732051282,2.298415
2025-04-17 16:19:18,2a01:cb00:142b:6900:da6:d6a3:8f4d:4d83,35439,Beaumont-sur-Oise,95,11,49.139732051282,2.298415
2025-04-17 16:19:20,2a01:cb00:142b:6900:da6:d6a3:8f4d:4d83,35439,Beaumont-sur-Oise,95,11,49.139732051282,2.298415
2025-04-17 16:19:21,2a01:cb00:142b:6900:da6:d6a3:8f4d:4d83,35439,Beaumont-sur-Oise,95,11,49.139732051282,2.298415
2025-04-17 16:19:22,2a01:cb00:142b:6900:da6:d6a3:8f4d:4d83,35439,Beaumont-sur-Oise,95,11,49.139732051282,2.298415
2025-04-17 16:19:22,2a01:cb00:142b:6900:da6:d6a3:8f4d:4d83,35439,Beaumont-sur-Oise,95,11,49.139732051282,2.298415
2025-04-17 16:19:35,2a01:cb00:142b:6900:da6:d6a3:8f4d:4d83,35439,Beaumont-sur-Oise,95,11,49.139732051282,2.298415
2025-04-17 16:59:23,2a01:cb00:142b:6900:da6:d6a3:8f4d:4d83,35439,Beaumont-sur-Oise,95,11,49.139732051282,2.298415
2025-04-17 17:46:16,2a01:cb00:142b:6900:da6:d6a3:8f4d:4d83,35439,Beaumont-sur-Oise,95,11,49.139732051282,2.298415
2025-04-17 17:46:20,2a01:cb00:142b:6900:da6:d6a3:8f4d:4d83,35439,Beaumont-sur-Oise,95,11,49.139732051282,2.298415
2025-04-17 17:46:24,2a01:cb00:142b:6900:da6:d6a3:8f4d:4d83,35439,Beaumont-sur-Oise,95,11,49.139732051282,2.298415
2025-04-17 17:46:26,2a01:cb00:142b:6900:da6:d6a3:8f4d:4d83,35439,Beaumont-sur-Oise,95,11,49.139732051282,2.298415
2025-04-17 17:46:27,2a01:cb00:142b:6900:da6:d6a3:8f4d:4d83,35439,Beaumont-sur-Oise,95,11,49.139732051282,2.298415
2025-04-17 17:46:28,2a01:cb00:142b:6900:da6:d6a3:8f4d:4d83,35439,Beaumont-sur-Oise,95,11,49.139732051282,2.298415
2025-04-17 17:46:29,2a01:cb00:142b:6900:da6:d6a3:8f4d:4d83,35439,Beaumont-sur-Oise,95,11,49.139732051282,2.298415
2025-04-17 17:46:42,2a01:cb00:142b:6900:da6:d6a3:8f4d:4d83,35439,Beaumont-sur-Oise,95,11,49.139732051282,2.298415
2025-04-17 17:49:41,2a01:cb00:142b:6900:da6:d6a3:8f4d:4d83,35439,Beaumont-sur-Oise,95,11,49.139732051282,2.298415
2025-04-17 17:52:25,2a02:842a:1e6:4f01:5af4:3d40:ab7:5861,33583,Antran,86,75,46.877149253731,0.52326992537313
2025-04-17 17:52:29,66.249.93.41,35459,Cergy,95,11,49.0331671,2.0547222
2025-04-17 17:52:30,66.102.8.71,35459,Cergy,95,11,49.0331671,2.0547222
2025-04-17 17:52:31,66.102.8.72,35459,Cergy,95,11,49.0331671,2.0547222
2025-04-17 17:52:58,2a02:842a:1e6:4f01:5af4:3d40:ab7:5861,35428,Argenteuil,95,11,48.954656464646,2.2433797979798
2025-04-17 17:53:02,66.249.93.40,35428,Argenteuil,95,11,48.954656464646,2.2433797979798
2025-04-17 17:53:02,66.249.93.39,35428,Argenteuil,95,11,48.954656464646,2.2433797979798
2025-04-17 17:53:02,66.102.8.72,35428,Argenteuil,95,11,48.954656464646,2.2433797979798
2025-04-17 17:53:06,2a02:842a:1e6:4f01:5af4:3d40:ab7:5861,35428,Argenteuil,95,11,48.954656464646,2.2433797979798
2025-04-17 17:53:10,66.249.93.39,35428,Argenteuil,95,11,48.954656464646,2.2433797979798
2025-04-17 17:53:10,66.102.8.73,35428,Argenteuil,95,11,48.954656464646,2.2433797979798
2025-04-17 17:53:10,66.102.8.72,35428,Argenteuil,95,11,48.954656464646,2.2433797979798
2025-04-17 17:53:48,2a01:cb00:142b:6900:da6:d6a3:8f4d:4d83,35439,Beaumont-sur-Oise,95,11,49.139732051282,2.298415
2025-04-17 18:02:34,2a01:cb00:142b:6900:da6:d6a3:8f4d:4d83,35439,Beaumont-sur-Oise,95,11,49.139732051282,2.298415
2025-04-17 18:02:39,2a01:cb00:142b:6900:da6:d6a3:8f4d:4d83,35439,Beaumont-sur-Oise,95,11,49.139732051282,2.298415
2025-04-17 18:02:40,2a01:cb00:142b:6900:da6:d6a3:8f4d:4d83,35439,Beaumont-sur-Oise,95,11,49.139732051282,2.298415
2025-04-17 18:06:25,2a01:cb00:142b:6900:da6:d6a3:8f4d:4d83,35439,Beaumont-sur-Oise,95,11,49.139732051282,2.298415
2025-04-18 00:54:45,154.28.229.126,35459,Cergy,95,11,49.0331671,2.0547222
